ACK,BIB,BOLD_ACK,BREF,EMAIL,JS_FOOTNOTESIZE,JS_SCRIPTSIZE,JS_STYLE,JS_TINY,LONG_ACK,LONG_AFFILIATION,PARAGRAPH_ACK,PL_FOOTNOTE,VARY_LATEX,bref_size,cserver_size,vspace_bib,valid
True,True,False,True,False,False,True,True,False,False,False,True,True,True,1.0,0.9,2.7,False
False,True,False,True,False,False,True,True,False,False,False,False,True,True,0.9,0.6,4.7,False
False,True,False,True,False,False,False,True,True,False,False,False,False,True,0.7,0.9,4.6,False
True,True,True,True,False,False,False,True,True,True,False,False,True,True,0.8,0.6,2.3,False
True,True,False,True,False,False,True,True,False,True,False,True,False,True,0.7,0.8,1.7,False
False,True,False,True,True,False,False,True,True,False,True,False,False,True,1.0,0.8,2.6,False
False,True,False,True,False,False,True,True,False,False,False,False,True,True,1.0,0.7,2.6,True
True,True,False,True,False,False,True,True,False,True,False,True,False,True,0.8,0.9,4.0,False
False,True,False,True,False,False,True,True,False,False,False,False,True,True,0.9,0.8,1.1,False
True,True,False,True,True,False,False,True,True,True,True,True,True,True,0.7,0.9,2.5,False
False,True,False,True,False,False,False,True,True,False,False,False,True,True,0.7,0.8,2.2,True
True,True,False,True,False,False,False,True,True,True,True,True,False,True,0.7,0.7,1.6,True
True,True,True,True,False,False,True,True,False,True,True,False,True,True,0.9,0.8,4.3,False
True,True,True,True,True,False,False,True,True,False,True,False,False,True,1.0,0.7,1.2,True
True,True,False,True,True,False,True,True,False,True,True,True,True,True,0.7,0.6,2.4,False
True,True,True,True,False,False,True,True,False,False,False,False,False,True,0.7,0.6,3.8,True
False,True,False,True,True,False,True,True,False,False,True,False,False,True,0.8,0.9,4.9,False
False,True,False,True,False,False,False,True,True,False,False,False,True,True,1.0,0.6,2.4,True
True,True,False,True,False,False,False,True,True,True,True,True,False,True,1.0,0.8,3.7,True
True,True,False,True,True,False,True,True,False,False,True,True,False,True,0.8,0.6,3.2,True
True,True,False,True,False,False,True,True,False,True,True,True,False,True,0.9,0.9,2.3,False
False,True,False,True,True,False,True,True,False,False,True,False,False,True,0.8,0.6,3.4,True
True,True,True,True,True,False,False,True,True,True,True,False,True,True,1.0,0.8,2.8,True
False,True,False,True,False,False,False,True,True,False,False,False,False,True,0.7,0.9,4.3,True
True,True,True,True,False,False,True,True,False,True,True,False,False,True,0.7,0.8,1.7,False
False,True,False,True,False,False,True,True,False,False,True,False,False,True,1.0,0.8,1.8,False
False,True,False,True,True,False,False,True,True,False,True,False,True,True,1.0,0.8,4.6,True
False,True,False,True,False,False,True,True,False,False,True,False,False,True,0.7,0.6,2.4,True
True,True,True,True,False,False,True,True,False,True,True,False,False,True,1.0,0.9,3.4,False
False,True,False,True,False,False,True,True,False,False,False,False,False,True,0.7,0.6,1.9,True
True,True,True,True,True,False,True,True,False,False,True,False,False,True,0.8,0.8,1.0,False
True,True,True,True,False,False,True,True,False,False,False,False,False,True,0.9,0.8,3.2,False
True,True,True,True,False,False,False,True,True,True,False,False,False,True,0.8,0.8,3.4,True
True,True,True,True,False,False,False,True,True,True,True,False,False,True,0.9,0.7,1.1,True
False,True,False,True,False,False,False,True,True,False,False,False,True,True,0.8,0.8,3.6,True
False,True,False,True,True,False,True,True,False,False,True,False,True,True,1.0,0.8,1.8,False
True,True,False,True,False,False,True,True,False,False,True,True,True,True,0.7,0.6,3.0,False
True,True,True,True,False,False,False,True,True,False,False,False,True,True,0.9,0.6,4.8,True
False,True,False,True,False,False,True,True,False,False,False,False,False,True,0.8,0.9,3.2,False
True,True,False,True,False,False,True,True,False,True,False,True,False,True,0.7,0.7,1.5,False
True,True,False,True,True,False,False,True,True,True,True,True,True,True,0.7,0.7,4.1,True
False,True,False,True,False,False,False,True,True,False,True,False,True,True,0.8,0.8,1.6,True
False,True,False,True,False,False,True,True,False,False,True,False,True,True,0.8,0.6,2.3,True
False,True,False,True,True,False,True,True,False,False,True,False,True,True,1.0,0.8,3.7,False
True,True,True,True,False,False,False,True,True,True,False,False,True,True,0.9,0.9,2.8,True
True,True,True,True,False,False,True,True,False,True,False,False,True,True,0.9,0.6,3.9,False
True,True,True,True,False,False,False,True,True,False,False,False,True,True,0.8,0.9,1.3,True
True,True,True,True,False,False,True,True,False,False,True,False,False,True,0.9,0.7,3.7,True
True,True,False,True,True,False,True,True,False,False,True,True,True,True,0.9,0.6,3.4,False
True,True,False,True,False,False,True,True,False,False,True,True,True,True,0.9,0.6,2.2,False
True,True,False,True,True,False,False,True,True,False,True,True,False,True,0.9,0.8,4.1,True
False,True,False,True,False,False,False,True,True,False,False,False,True,True,0.9,0.7,4.5,True
True,True,True,True,False,False,False,True,True,True,True,False,True,True,0.7,0.6,4.0,True
True,True,True,True,False,False,False,True,True,True,False,False,False,True,0.9,0.8,3.3,True
True,True,False,True,False,False,False,True,True,True,True,True,True,True,0.9,0.6,3.9,True
True,True,False,True,False,False,True,True,False,True,False,True,True,True,0.9,0.6,1.3,False
False,True,False,True,True,False,True,True,False,False,True,False,True,True,1.0,0.6,4.7,False
False,True,False,True,False,False,False,True,True,False,False,False,True,True,0.8,0.8,2.1,True
True,True,True,True,True,False,False,True,True,False,True,False,False,True,1.0,0.7,1.4,True
False,True,False,True,False,False,True,True,False,False,True,False,True,True,0.7,0.8,1.8,False
False,True,False,True,False,False,False,True,True,False,True,False,False,True,1.0,0.8,1.5,True
False,True,False,True,True,False,True,True,False,False,True,False,False,True,0.9,0.8,3.8,False
False,True,False,True,False,False,True,True,False,False,True,False,False,True,1.0,0.7,4.3,False
False,True,False,True,False,False,True,True,False,False,False,False,True,True,0.8,0.6,3.0,True
True,True,False,True,True,False,False,True,True,False,True,True,False,True,0.8,0.9,1.4,True
False,True,False,True,False,False,False,True,True,False,False,False,True,True,0.7,0.7,3.9,True
False,True,False,True,False,False,False,True,True,False,False,False,True,True,1.0,0.6,1.9,True
False,True,False,True,False,False,False,True,True,False,True,False,False,True,0.7,0.6,1.6,True
False,True,False,True,True,False,False,True,True,False,True,False,False,True,1.0,0.7,1.6,True
False,True,False,True,False,False,True,True,False,False,False,False,False,True,1.0,0.8,3.1,False
True,True,False,True,False,False,False,True,True,True,False,True,False,True,0.8,0.7,1.1,True
False,True,False,True,False,False,True,True,False,False,False,False,False,True,0.8,0.8,3.0,False
True,True,False,True,False,False,False,True,True,False,False,True,False,True,0.8,0.9,4.4,True
False,True,False,True,False,False,False,True,True,False,True,False,True,True,0.8,0.7,1.1,True
False,True,False,True,False,False,True,True,False,False,False,False,False,True,0.9,0.9,1.8,False
True,True,False,True,False,False,False,True,True,False,False,True,True,True,1.0,0.7,1.0,True
True,True,True,True,False,False,True,True,False,True,True,False,True,True,0.8,0.9,2.0,False
False,True,False,True,False,False,True,True,False,False,False,False,False,True,0.7,0.8,2.3,True
True,True,False,True,False,False,False,True,True,True,True,True,False,True,0.7,0.8,4.2,True
True,True,False,True,False,False,False,True,True,False,False,True,True,True,0.9,0.9,4.4,False
False,True,False,True,False,False,False,True,True,False,True,False,False,True,0.9,0.9,4.7,True
False,True,False,True,True,False,False,True,True,False,True,False,False,True,0.8,0.8,4.4,True
True,True,True,True,False,False,False,True,True,True,False,False,False,True,0.7,0.8,2.9,True
True,True,False,True,False,False,False,True,True,False,True,True,False,True,0.7,0.7,3.2,True
False,True,False,True,True,False,True,True,False,False,True,False,True,True,0.9,0.9,3.2,False
True,True,True,True,False,False,False,True,True,True,False,False,False,True,1.0,0.7,1.0,True
True,True,True,True,False,False,False,True,True,False,False,False,False,True,0.7,0.6,2.6,True
True,True,False,True,False,False,True,True,False,True,False,True,True,True,0.8,0.9,1.1,False
False,True,False,True,False,False,False,True,True,False,True,False,True,True,0.7,0.9,4.4,True
True,True,True,True,True,False,True,True,False,False,True,False,True,True,0.7,0.6,3.9,True
True,True,False,True,True,False,True,True,False,True,True,True,False,True,0.7,0.9,5.0,False
False,True,False,True,True,False,True,True,False,False,True,False,True,True,0.7,0.6,1.0,True
True,True,True,True,False,False,True,True,False,True,True,False,False,True,0.9,0.6,2.3,True
True,True,False,True,False,False,True,True,False,True,False,True,True,True,0.9,0.9,3.1,False
False,True,False,True,False,False,False,True,True,False,False,False,True,True,0.7,0.7,3.9,True
False,True,False,True,False,False,True,True,False,False,False,False,True,True,0.7,0.6,1.8,True
False,True,False,True,False,False,True,True,False,False,False,False,False,True,0.7,0.7,2.9,True
False,True,False,True,False,False,True,True,False,False,True,False,False,True,0.9,0.7,2.0,True
False,True,False,True,True,False,False,True,True,False,True,False,False,True,0.8,0.6,3.4,True
False,True,False,True,True,False,False,True,True,False,True,False,False,True,0.9,0.9,4.2,True
True,True,False,True,False,False,True,True,False,False,False,True,True,True,0.8,0.9,4.2,False
False,True,False,True,True,False,False,True,True,False,True,False,False,True,0.8,0.7,2.9,True
False,True,False,True,False,False,False,True,True,False,False,False,False,True,0.7,0.9,4.1,True
True,True,True,True,False,False,False,True,True,False,False,False,True,True,0.7,0.8,4.2,True
True,True,True,True,True,False,False,True,True,True,True,False,True,True,0.7,0.9,1.1,True
True,True,False,True,False,False,True,True,False,True,False,True,False,True,1.0,0.8,2.7,False
False,True,False,True,False,False,True,True,False,False,True,False,False,True,0.9,0.7,2.8,True
False,True,False,True,False,False,True,True,False,False,True,False,False,True,0.9,0.8,1.4,False
True,True,True,True,True,False,False,True,True,False,True,False,True,True,0.8,0.6,1.2,True
False,True,False,True,False,False,True,True,False,False,False,False,True,True,0.7,0.9,4.4,False
False,True,False,True,False,False,True,True,False,False,False,False,True,True,0.8,0.7,4.0,False
True,True,False,True,True,False,False,True,True,False,True,True,False,True,1.0,0.8,4.5,True
False,True,False,True,False,False,True,True,False,False,True,False,False,True,0.8,0.6,4.6,True
True,True,True,True,True,False,True,True,False,True,True,False,False,True,0.8,0.6,2.0,True
True,True,True,True,False,False,False,True,True,False,True,False,False,True,0.9,0.6,1.3,True
False,True,False,True,False,False,True,True,False,False,False,False,False,True,0.7,0.7,3.0,True
False,True,False,True,True,False,False,True,True,False,True,False,True,True,0.7,0.7,1.4,True
True,True,True,True,True,False,True,True,False,False,True,False,True,True,0.9,0.8,2.7,False
True,True,False,True,True,False,False,True,True,True,True,True,False,True,0.9,0.7,1.9,True
True,True,False,True,False,False,True,True,False,False,True,True,True,True,0.7,0.6,1.5,False
True,True,True,True,False,False,True,True,False,False,False,False,False,True,1.0,0.7,1.8,False
False,True,False,True,True,False,True,True,False,False,True,False,False,True,0.8,0.7,3.0,True
False,True,False,True,False,False,True,True,False,False,False,False,True,True,0.7,0.9,4.4,False
False,True,False,True,True,False,True,True,False,False,True,False,True,True,0.9,0.7,1.5,False
True,True,True,True,False,False,True,True,False,False,True,False,True,True,1.0,0.9,1.4,False
False,True,False,True,False,False,False,True,True,False,False,False,False,True,0.7,0.8,3.4,True
False,True,False,True,False,False,False,True,True,False,False,False,False,True,0.7,0.6,2.5,True
True,True,False,True,False,False,True,True,False,True,False,True,False,True,0.9,0.8,2.6,False
False,True,False,True,True,False,True,True,False,False,True,False,False,True,0.8,0.8,3.7,False
False,True,False,True,True,False,False,True,True,False,True,False,False,True,0.8,0.9,4.1,True
False,True,False,True,False,False,True,True,False,False,True,False,True,True,0.9,0.6,4.5,True
False,True,False,True,False,False,True,True,False,False,True,False,True,True,0.8,0.9,4.7,False
False,True,False,True,True,False,True,True,False,False,True,False,True,True,0.8,0.6,2.4,True
True,True,False,True,True,False,False,True,True,False,True,True,True,True,0.8,0.6,2.3,True
False,True,False,True,False,False,True,True,False,False,True,False,False,True,0.7,0.7,4.3,True
False,True,False,True,False,False,True,True,False,False,True,False,True,True,0.8,0.6,1.8,True
False,True,False,True,False,False,False,True,True,False,False,False,False,True,1.0,0.9,2.0,True
False,True,False,True,True,False,False,True,True,False,True,False,False,True,0.7,0.6,4.4,True
True,True,False,True,False,False,True,True,False,True,True,True,True,True,0.9,0.7,2.7,False
True,True,False,True,False,False,True,True,False,True,True,True,False,True,0.7,0.7,2.4,False
False,True,False,True,False,False,False,True,True,False,False,False,True,True,1.0,0.6,2.8,True
False,True,False,True,False,False,False,True,True,False,False,False,False,True,1.0,0.7,1.0,True
True,True,True,True,True,False,False,True,True,False,True,False,True,True,1.0,0.9,1.4,False
True,True,True,True,True,False,False,True,True,True,True,False,False,True,0.7,0.9,1.2,True
False,True,False,True,False,False,True,True,False,False,False,False,True,True,0.7,0.8,1.8,False
True,True,False,True,False,False,True,True,False,True,False,True,True,True,0.9,0.6,2.2,False
True,True,True,True,True,False,True,True,False,True,True,False,True,True,0.7,0.9,2.0,True
True,True,False,True,False,False,False,True,True,True,False,True,True,True,1.0,0.6,2.0,True
False,True,False,True,False,False,True,True,False,False,False,False,False,True,0.8,0.6,2.5,True
True,True,True,True,True,False,False,True,True,False,True,False,True,True,0.9,0.8,5.0,True
True,True,False,True,False,False,False,True,True,True,False,True,False,True,1.0,0.7,3.7,True
True,True,False,True,False,False,True,True,False,True,False,True,True,True,0.7,0.7,2.2,False
True,True,False,True,True,False,True,True,False,False,True,True,True,True,0.7,0.9,4.1,False
True,True,False,True,False,False,True,True,False,True,False,True,True,True,0.8,0.6,1.3,False
True,True,True,True,False,False,True,True,False,True,True,False,False,True,0.9,0.9,2.9,False
False,True,False,True,True,False,False,True,True,False,True,False,True,True,0.8,0.8,4.8,True
True,True,False,True,True,False,False,True,True,False,True,True,True,True,0.7,0.9,2.6,True
False,True,False,True,False,False,False,True,True,False,True,False,True,True,0.7,0.8,4.5,True
False,True,False,True,True,False,True,True,False,False,True,False,True,True,0.8,0.6,2.9,True
False,True,False,True,False,False,False,True,True,False,False,False,False,True,0.8,0.6,4.5,True
True,True,True,True,False,False,True,True,False,False,True,False,True,True,0.7,0.9,1.4,False
False,True,False,True,False,False,True,True,False,False,False,False,False,True,0.8,0.6,3.1,True
True,True,False,True,True,False,False,True,True,True,True,True,False,True,0.9,0.6,4.2,True
False,True,False,True,False,False,True,True,False,False,False,False,False,True,0.8,0.6,1.5,True
False,True,False,True,False,False,True,True,False,False,False,False,False,True,0.9,0.6,4.1,True
False,True,False,True,False,False,False,True,True,False,False,False,False,True,0.8,0.7,4.6,True
False,True,False,True,True,False,False,True,True,False,True,False,False,True,0.9,0.6,2.2,True
False,True,False,True,True,False,True,True,False,False,True,False,True,True,0.9,0.9,3.7,False
False,True,False,True,True,False,True,True,False,False,True,False,True,True,0.9,0.8,2.8,False
True,True,True,True,True,False,True,True,False,False,True,False,False,True,0.9,0.8,2.0,False
True,True,False,True,True,False,True,True,False,False,True,True,False,True,1.0,0.7,1.4,False
False,True,False,True,False,False,False,True,True,False,False,False,True,True,0.8,0.8,4.7,True
False,True,False,True,True,False,False,True,True,False,True,False,True,True,0.7,0.8,3.3,True
False,True,False,True,False,False,True,True,False,False,False,False,False,True,0.7,0.8,2.6,True
True,True,True,True,False,False,False,True,True,False,False,False,False,True,0.7,0.9,4.7,True
True,True,True,True,True,False,False,True,True,False,True,False,True,True,0.8,0.7,2.6,True
True,True,True,True,False,False,False,True,True,False,False,False,False,True,0.7,0.6,1.9,True
False,True,False,True,True,False,False,True,True,False,True,False,True,True,0.9,0.6,2.0,True
True,True,False,True,False,False,True,True,False,False,True,True,False,True,0.7,0.8,1.2,False
True,True,True,True,False,False,True,True,False,True,False,False,False,True,0.8,0.6,3.7,True
True,True,False,True,True,False,False,True,True,False,True,True,True,True,1.0,0.9,1.7,False
False,True,False,True,False,False,True,True,False,False,True,False,True,True,0.8,0.8,4.0,False
True,True,True,True,True,False,False,True,True,True,True,False,True,True,0.9,0.9,4.7,True
True,True,False,True,False,False,False,True,True,False,False,True,True,True,1.0,0.9,3.9,False
False,True,False,True,False,False,True,True,False,False,True,False,False,True,0.7,0.8,4.7,True
True,True,False,True,False,False,True,True,False,False,False,True,False,True,0.8,0.6,1.9,True
True,True,True,True,False,False,False,True,True,True,False,False,False,True,0.9,0.6,2.2,True
True,True,False,True,True,False,False,True,True,True,True,True,True,True,0.7,0.9,1.3,False
False,True,False,True,False,False,True,True,False,False,False,False,False,True,1.0,0.8,3.6,False
True,True,True,True,False,False,True,True,False,False,True,False,False,True,0.7,0.9,4.8,False
True,True,True,True,False,False,True,True,False,False,False,False,True,True,0.7,0.7,4.6,False
True,True,False,True,False,False,False,True,True,True,False,True,False,True,0.7,0.6,2.5,True
True,True,True,True,False,False,True,True,False,True,False,False,True,True,0.8,0.8,3.8,False
False,True,False,True,False,False,True,True,False,False,True,False,False,True,0.9,0.7,1.2,True
False,True,False,True,True,False,False,True,True,False,True,False,True,True,0.8,0.7,4.2,True
True,True,False,True,False,False,True,True,False,False,True,True,False,True,0.8,0.6,3.1,True
False,True,False,True,False,False,False,True,True,False,False,False,False,True,0.9,0.6,1.1,True
False,True,False,True,True,False,False,True,True,False,True,False,False,True,0.7,0.9,3.6,True
False,True,False,True,False,False,False,True,True,False,True,False,False,True,0.7,0.8,2.0,True
True,True,False,True,False,False,True,True,False,False,True,True,False,True,0.9,0.9,1.8,False
True,True,True,True,False,False,False,True,True,False,False,False,True,True,0.8,0.7,4.5,True
True,True,True,True,True,False,True,True,False,True,True,False,False,True,0.8,0.7,4.5,True
False,True,False,True,False,False,False,True,True,False,False,False,True,True,0.8,0.7,3.3,True
True,True,False,True,False,False,False,True,True,False,True,True,False,True,0.9,0.8,3.8,True
True,True,True,True,True,False,True,True,False,True,True,False,False,True,0.9,0.7,4.4,True
False,True,False,True,True,False,True,True,False,False,True,False,True,True,0.8,0.9,3.2,False
True,True,True,True,False,False,True,True,False,True,False,False,True,True,0.7,0.6,1.1,False
False,True,False,True,False,False,False,True,True,False,True,False,False,True,0.8,0.8,1.5,True
False,True,False,True,False,False,True,True,False,False,False,False,False,True,0.7,0.8,1.8,True
True,True,False,True,False,False,True,True,False,False,True,True,True,True,0.8,0.8,4.1,False
True,True,True,True,True,False,False,True,True,True,True,False,True,True,0.9,0.8,2.9,True
True,True,False,True,False,False,True,True,False,True,True,True,True,True,0.9,0.8,1.0,False
False,True,False,True,False,False,False,True,True,False,False,False,False,True,1.0,0.9,2.8,True
False,True,False,True,False,False,False,True,True,False,True,False,True,True,0.8,0.6,2.4,True
True,True,True,True,False,False,True,True,False,False,False,False,False,True,0.8,0.9,3.7,False
False,True,False,True,False,False,True,True,False,False,False,False,True,True,0.7,0.6,4.3,True
True,True,False,True,True,False,False,True,True,True,True,True,True,True,0.8,0.6,1.6,True
False,True,False,True,False,False,False,True,True,False,True,False,True,True,0.8,0.7,1.3,True
False,True,False,True,False,False,True,True,False,False,False,False,False,True,0.8,0.6,4.1,True
False,True,False,True,False,False,False,True,True,False,False,False,False,True,0.9,0.9,4.3,True
True,True,False,True,False,False,True,True,False,True,False,True,True,True,0.7,0.7,4.6,False
False,True,False,True,False,False,False,True,True,False,True,False,False,True,1.0,0.8,3.4,True
False,True,False,True,False,False,True,True,False,False,False,False,True,True,1.0,0.7,4.1,False
False,True,False,True,True,False,False,True,True,False,True,False,True,True,0.8,0.7,4.7,True
True,True,False,True,False,False,True,True,False,True,False,True,True,True,1.0,0.8,1.0,False
False,True,False,True,False,False,True,True,False,False,True,False,False,True,0.9,0.9,1.2,False
True,True,False,True,False,False,False,True,True,False,True,True,True,True,0.9,0.9,2.8,False
True,True,True,True,False,False,False,True,True,True,False,False,True,True,1.0,0.9,4.4,False
False,True,False,True,False,False,False,True,True,False,True,False,True,True,0.9,0.6,3.9,True
False,True,False,True,False,False,True,True,False,False,True,False,True,True,0.8,0.7,2.0,False
True,True,False,True,True,False,True,True,False,False,True,True,True,True,0.9,0.8,4.9,False
True,True,False,True,False,False,False,True,True,False,True,True,True,True,0.9,0.9,1.0,False
False,True,False,True,False,False,False,True,True,False,True,False,False,True,1.0,0.6,2.9,True
False,True,False,True,False,False,True,True,False,False,True,False,True,True,0.7,0.8,3.0,False
True,True,False,True,False,False,True,True,False,False,True,True,True,True,1.0,0.8,4.4,False
True,True,True,True,False,False,True,True,False,True,False,False,False,True,0.9,0.6,2.7,True
True,True,True,True,False,False,False,True,True,True,False,False,False,True,0.7,0.8,2.7,True
True,True,True,True,False,False,True,True,False,False,False,False,False,True,0.7,0.8,3.1,False
False,True,False,True,True,False,True,True,False,False,True,False,False,True,0.7,0.8,2.6,True
True,True,True,True,False,False,False,True,True,True,False,False,True,True,0.9,0.7,4.0,True
False,True,False,True,False,False,True,True,False,False,False,False,True,True,0.7,0.8,4.8,False
True,True,True,True,True,False,False,True,True,False,True,False,False,True,0.7,0.8,4.9,True
True,True,True,True,False,False,False,True,True,True,True,False,True,True,0.7,0.7,2.7,True
False,True,False,True,False,False,False,True,True,False,True,False,True,True,1.0,0.8,2.8,True
False,True,False,True,False,False,True,True,False,False,False,False,True,True,0.7,0.9,4.3,False
False,True,False,True,True,False,False,True,True,False,True,False,True,True,0.9,0.6,1.1,True
True,True,True,True,False,False,True,True,False,True,False,False,True,True,1.0,0.7,5.0,False
False,True,False,True,True,False,True,True,False,False,True,False,False,True,0.8,0.6,4.9,True
True,True,True,True,False,False,True,True,False,False,True,False,False,True,0.8,0.6,4.7,True
True,True,False,True,False,False,False,True,True,False,False,True,True,True,1.0,0.9,3.0,False
True,True,True,True,False,False,True,True,False,True,False,False,False,True,1.0,0.8,2.2,False
False,True,False,True,True,False,False,True,True,False,True,False,False,True,0.9,0.9,2.5,True
False,True,False,True,False,False,False,True,True,False,False,False,False,True,0.8,0.8,4.0,True
True,True,True,True,False,False,False,True,True,False,False,False,True,True,0.8,0.7,3.6,True
True,True,False,True,True,False,True,True,False,True,True,True,False,True,0.9,0.7,3.6,False
False,True,False,True,False,False,True,True,False,False,True,False,False,True,0.9,0.7,1.1,True
True,True,False,True,False,False,True,True,False,True,False,True,True,True,0.9,0.8,2.6,False
True,True,False,True,False,False,True,True,False,True,True,True,False,True,1.0,0.7,2.7,False
True,True,False,True,False,False,False,True,True,False,False,True,True,True,1.0,0.9,1.8,False
False,True,False,True,False,False,False,True,True,False,False,False,True,True,0.8,0.6,2.4,True
False,True,False,True,False,False,True,True,False,False,True,False,False,True,0.9,0.9,1.1,False
True,True,False,True,False,False,False,True,True,True,True,True,True,True,0.7,0.7,1.9,True
False,True,False,True,False,False,False,True,True,False,False,False,False,True,1.0,0.8,2.7,True
False,True,False,True,True,False,False,True,True,False,True,False,True,True,1.0,0.9,1.3,False
True,True,True,True,False,False,True,True,False,True,False,False,True,True,0.9,0.8,1.1,False
True,True,True,True,False,False,True,True,False,False,True,False,False,True,0.9,0.8,3.1,False
True,True,True,True,False,False,False,True,True,False,False,False,True,True,1.0,0.6,2.4,True
False,True,False,True,True,False,True,True,False,False,True,False,True,True,0.9,0.8,4.0,False
True,True,True,True,False,False,True,True,False,True,True,False,True,True,1.0,0.9,3.0,False
True,True,True,True,True,False,True,True,False,True,True,False,False,True,1.0,0.7,1.0,False
False,True,False,True,False,False,True,True,False,False,False,False,True,True,0.9,0.6,1.8,True
True,True,False,True,False,False,True,True,False,True,False,True,False,True,0.8,0.7,4.7,False
False,True,False,True,False,False,False,True,True,False,False,False,True,True,1.0,0.7,2.3,True
True,True,True,True,True,False,False,True,True,True,True,False,False,True,1.0,0.8,4.1,True
True,True,False,True,False,False,False,True,True,False,True,True,False,True,0.9,0.9,4.5,True
False,True,False,True,False,False,False,True,True,False,False,False,False,True,1.0,0.9,3.7,True
True,True,True,True,False,False,True,True,False,False,False,False,False,True,0.7,0.6,3.2,True
False,True,False,True,False,False,False,True,True,False,True,False,False,True,0.8,0.9,1.6,True
True,True,False,True,False,False,True,True,False,True,False,True,True,True,0.9,0.6,4.2,False
False,True,False,True,False,False,True,True,False,False,True,False,True,True,0.9,0.7,3.3,False
False,True,False,True,False,False,True,True,False,False,False,False,False,True,0.9,0.7,3.7,True
False,True,False,True,False,False,True,True,False,False,False,False,True,True,1.0,0.9,3.2,False
False,True,False,True,False,False,False,True,True,False,False,False,False,True,0.9,0.7,1.6,True
False,True,False,True,True,False,False,True,True,False,True,False,True,True,0.7,0.8,3.9,True
True,True,True,True,False,False,False,True,True,True,False,False,True,True,1.0,0.8,2.2,False
False,True,False,True,False,False,True,True,False,False,False,False,True,True,0.8,0.7,1.5,False
False,True,False,True,False,False,False,True,True,False,True,False,False,True,0.8,0.7,4.8,True
False,True,False,True,False,False,True,True,False,False,True,False,False,True,0.9,0.8,2.0,False
True,True,True,True,False,False,True,True,False,True,False,False,True,True,1.0,0.6,2.8,False
True,True,False,True,False,False,False,True,True,False,False,True,True,True,1.0,0.8,3.9,False
True,True,True,True,True,False,False,True,True,False,True,False,True,True,0.9,0.9,3.8,True
True,True,True,True,False,False,False,True,True,False,True,False,False,True,0.8,0.9,2.9,True
False,True,False,True,True,False,False,True,True,False,True,False,False,True,1.0,0.7,2.9,True
True,True,True,True,False,False,True,True,False,False,False,False,True,True,0.7,0.8,3.7,False
True,True,False,True,False,False,True,True,False,False,True,True,True,True,0.9,0.6,1.2,False
False,True,False,True,False,False,False,True,True,False,True,False,False,True,1.0,0.9,1.4,True
False,True,False,True,False,False,True,True,False,False,False,False,True,True,0.9,0.8,3.9,False
False,True,False,True,False,False,True,True,False,False,False,False,False,True,0.8,0.6,4.0,True
False,True,False,True,True,False,False,True,True,False,True,False,False,True,1.0,0.9,4.9,True
True,True,True,True,True,False,True,True,False,False,True,False,False,True,0.8,0.6,2.3,True
True,True,True,True,True,False,False,True,True,True,True,False,True,True,0.8,0.7,4.9,True
True,True,False,True,False,False,False,True,True,True,True,True,False,True,0.9,0.6,3.4,True
True,True,False,True,False,False,True,True,False,False,True,True,False,True,0.7,0.6,3.5,True
False,True,False,True,False,False,False,True,True,False,False,False,False,True,0.7,0.7,3.5,True
True,True,False,True,True,False,True,True,False,True,True,True,False,True,0.8,0.9,2.5,False
False,True,False,True,False,False,True,True,False,False,True,False,False,True,1.0,0.6,1.0,True
True,True,True,True,False,False,False,True,True,False,False,False,True,True,0.9,0.8,2.6,True
True,True,False,True,False,False,False,True,True,True,False,True,False,True,1.0,0.8,4.0,True
False,True,False,True,False,False,False,True,True,False,False,False,True,True,1.0,0.9,4.5,False
True,True,True,True,False,False,False,True,True,True,False,False,False,True,0.7,0.6,4.0,True
False,True,False,True,True,False,True,True,False,False,True,False,True,True,0.9,0.7,2.9,False
True,True,False,True,False,False,False,True,True,True,False,True,False,True,0.8,0.6,1.1,True
True,True,False,True,False,False,True,True,False,False,False,True,False,True,1.0,0.9,3.0,False
True,True,True,True,True,False,True,True,False,True,True,False,False,True,0.8,0.8,1.4,False
True,True,False,True,False,False,False,True,True,False,False,True,True,True,0.7,0.6,4.2,True
False,True,False,True,False,False,False,True,True,False,False,False,False,True,0.7,0.8,3.9,True
True,True,True,True,True,False,False,True,True,True,True,False,False,True,1.0,0.8,1.2,True
True,True,False,True,True,False,False,True,True,True,True,True,True,True,0.8,0.7,1.5,True
False,True,False,True,False,False,False,True,True,False,False,False,True,True,0.8,0.7,4.1,True
False,True,False,True,False,False,True,True,False,False,False,False,True,True,0.7,0.7,1.4,False
True,True,True,True,False,False,True,True,False,False,False,False,False,True,1.0,0.7,4.7,False
False,True,False,True,False,False,False,True,True,False,False,False,False,True,1.0,0.9,2.7,True
True,True,False,True,True,False,True,True,False,False,True,True,False,True,0.7,0.9,1.3,False
False,True,False,True,False,False,False,True,True,False,False,False,True,True,0.7,0.9,3.0,True
False,True,False,True,False,False,False,True,True,False,False,False,False,True,1.0,0.7,4.0,True
False,True,False,True,True,False,True,True,False,False,True,False,False,True,0.9,0.8,2.4,False
False,True,False,True,True,False,True,True,False,False,True,False,False,True,1.0,0.6,3.3,True
False,True,False,True,False,False,True,True,False,False,False,False,False,True,1.0,0.8,3.3,False
True,True,False,True,True,False,True,True,False,True,True,True,True,True,1.0,0.8,4.3,False
False,True,False,True,False,False,True,True,False,False,True,False,False,True,0.8,0.6,1.6,True
True,True,False,True,False,False,False,True,True,True,False,True,True,True,0.7,0.7,1.4,True
False,True,False,True,True,False,True,True,False,False,True,False,False,True,0.7,0.9,3.8,False
True,True,False,True,False,False,False,True,True,False,False,True,True,True,0.8,0.6,1.9,True
False,True,False,True,False,False,True,True,False,False,False,False,True,True,1.0,0.9,2.6,False
False,True,False,True,False,False,True,True,False,False,False,False,True,True,0.9,0.7,1.2,False
True,True,True,True,False,False,False,True,True,True,False,False,False,True,0.8,0.8,3.7,True
False,True,False,True,False,False,False,True,True,False,False,False,True,True,0.7,0.6,1.2,True
False,True,False,True,True,False,False,True,True,False,True,False,False,True,0.9,0.6,3.2,True
True,True,False,True,False,False,True,True,False,True,False,True,True,True,0.8,0.8,4.7,False
True,True,True,True,False,False,False,True,True,True,False,False,False,True,0.7,0.6,4.3,True
True,True,True,True,False,False,False,True,True,False,False,False,True,True,0.8,0.7,4.4,True
False,True,False,True,False,False,False,True,True,False,False,False,True,True,0.7,0.6,2.1,True
True,True,False,True,False,False,True,True,False,False,False,True,False,True,0.7,0.8,3.9,False
True,True,True,True,True,False,False,True,True,True,True,False,False,True,0.7,0.7,4.4,True
False,True,False,True,True,False,False,True,True,False,True,False,False,True,0.9,0.8,4.8,True
True,True,False,True,True,False,True,True,False,True,True,True,False,True,0.9,0.9,1.4,False
False,True,False,True,False,False,False,True,True,False,False,False,False,True,0.8,0.6,3.9,True
True,True,False,True,False,False,True,True,False,False,True,True,False,True,1.0,0.6,3.6,False
True,True,True,True,False,False,True,True,False,True,True,False,False,True,0.8,0.9,3.5,False
True,True,True,True,False,False,True,True,False,False,False,False,True,True,0.9,0.8,4.9,False
True,True,True,True,True,False,False,True,True,False,True,False,False,True,0.7,0.8,2.6,True
False,True,False,True,False,False,False,True,True,False,True,False,True,True,0.9,0.8,4.9,True
False,True,False,True,False,False,False,True,True,False,False,False,False,True,0.8,0.6,4.6,True
True,True,False,True,False,False,False,True,True,True,False,True,False,True,0.8,0.9,1.1,True
False,True,False,True,False,False,True,True,False,False,False,False,True,True,0.8,0.8,3.8,False
True,True,False,True,False,False,False,True,True,True,True,True,True,True,0.9,0.7,4.5,True
True,True,True,True,False,False,False,True,True,True,False,False,True,True,0.7,0.6,3.3,True
False,True,False,True,False,False,True,True,False,False,False,False,False,True,0.8,0.7,2.0,True
False,True,False,True,False,False,True,True,False,False,True,False,True,True,1.0,0.7,1.2,False
True,True,True,True,False,False,True,True,False,True,False,False,True,True,0.8,0.6,3.6,True
True,True,False,True,True,False,True,True,False,False,True,True,False,True,0.7,0.7,3.7,True
True,True,False,True,False,False,True,True,False,False,False,True,False,True,0.9,0.7,3.6,False
False,True,False,True,False,False,True,True,False,False,True,False,True,True,0.8,0.6,3.3,True
True,True,True,True,False,False,False,True,True,False,False,False,True,True,0.8,0.7,3.0,True
False,True,False,True,False,False,True,True,False,False,True,False,False,True,0.8,0.8,2.8,False
True,True,False,True,False,False,True,True,False,True,False,True,False,True,0.7,0.9,2.3,False
True,True,True,True,False,False,False,True,True,False,False,False,False,True,0.7,0.8,4.3,True
False,True,False,True,True,False,True,True,False,False,True,False,True,True,0.7,0.6,1.3,True
True,True,True,True,False,False,False,True,True,False,False,False,True,True,0.7,0.6,3.6,True
False,True,False,True,False,False,False,True,True,False,True,False,True,True,0.7,0.8,1.9,True
True,True,False,True,False,False,True,True,False,False,False,True,True,True,0.7,0.9,1.9,False
False,True,False,True,False,False,True,True,False,False,False,False,True,True,1.0,0.8,1.0,False
False,True,False,True,False,False,False,True,True,False,False,False,False,True,0.8,0.7,1.4,True
True,True,True,True,True,False,True,True,False,True,True,False,False,True,0.8,0.9,1.2,False
False,True,False,True,False,False,False,True,True,False,True,False,False,True,0.8,0.8,4.0,True
False,True,False,True,False,False,False,True,True,False,False,False,False,True,0.7,0.8,4.3,True
False,True,False,True,False,False,False,True,True,False,False,False,True,True,0.7,0.9,1.1,True
True,True,False,True,False,False,True,True,False,True,True,True,True,True,0.7,0.8,2.1,False
True,True,True,True,False,False,True,True,False,True,False,False,False,True,0.7,0.8,3.3,False
True,True,False,True,True,False,False,True,True,True,True,True,False,True,0.7,0.7,3.9,True
True,True,True,True,False,False,False,True,True,False,False,False,True,True,1.0,0.9,4.5,False
True,True,False,True,True,False,False,True,True,False,True,True,False,True,0.9,0.7,3.7,True
False,True,False,True,False,False,False,True,True,False,True,False,True,True,0.8,0.8,3.0,True
False,True,False,True,False,False,True,True,False,False,True,False,True,True,1.0,0.7,4.2,False
True,True,False,True,False,False,True,True,False,True,True,True,True,True,0.8,0.8,3.9,False
False,True,False,True,False,False,False,True,True,False,True,False,False,True,0.9,0.7,2.1,True
True,True,True,True,False,False,False,True,True,False,False,False,True,True,1.0,0.6,1.5,True
True,True,False,True,False,False,True,True,False,False,False,True,True,True,1.0,0.7,2.5,False
True,True,True,True,True,False,True,True,False,False,True,False,False,True,0.8,0.6,4.1,True
False,True,False,True,False,False,True,True,False,False,True,False,False,True,0.9,0.6,1.5,True
False,True,False,True,False,False,False,True,True,False,True,False,True,True,1.0,0.8,1.5,True
True,True,True,True,False,False,True,True,False,False,False,False,True,True,1.0,0.6,3.8,False
True,True,True,True,False,False,False,True,True,True,True,False,True,True,0.8,0.8,1.2,True
False,True,False,True,False,False,True,True,False,False,True,False,False,True,0.8,0.8,4.4,False
False,True,False,True,True,False,False,True,True,False,True,False,False,True,0.7,0.8,2.2,True
True,True,True,True,False,False,False,True,True,True,False,False,False,True,0.9,0.6,3.5,True
False,True,False,True,False,False,False,True,True,False,True,False,False,True,0.9,0.7,5.0,True
False,True,False,True,False,False,False,True,True,False,True,False,False,True,1.0,0.7,2.3,True
True,True,False,True,True,False,False,True,True,False,True,True,False,True,1.0,0.6,3.3,True
False,True,False,True,True,False,True,True,False,False,True,False,True,True,1.0,0.6,3.0,False
True,True,True,True,False,False,False,True,True,False,False,False,True,True,0.7,0.8,1.2,True
