H264,no_8x8dct,no_asm,no_cabac,no_deblock,no_fast_pskip,no_mbtree,no_mixed_refs,no_weightb,rc_lookahead,ref,time
True,True,False,False,True,True,False,True,True,20,9,3.444
True,True,False,True,False,True,False,False,True,40,9,4.744
True,True,False,False,True,False,True,True,False,40,1,2.427
True,True,False,True,False,True,True,True,False,40,9,3.447
True,False,False,False,True,False,False,True,False,60,5,2.957
True,False,False,True,False,True,False,False,False,60,5,3.876
True,False,False,False,True,False,False,True,False,60,1,2.628
True,False,False,True,False,True,False,False,False,60,1,2.563
True,True,False,False,True,True,False,False,True,60,1,2.279
True,True,False,False,True,True,False,False,True,60,9,5.034
True,True,False,False,True,True,False,False,True,60,5,3.617
True,False,False,False,True,False,False,True,False,60,9,3.592
True,False,False,True,True,False,False,False,True,20,1,2.386
True,False,False,False,False,False,True,False,False,40,5,4.397
True,False,False,True,False,True,False,False,False,60,9,5.143
True,True,False,True,True,True,False,False,False,20,1,2.122
True,False,False,True,True,True,True,False,False,60,5,4.557
True,False,False,True,True,True,True,True,False,40,1,2.893
True,False,False,True,True,True,True,False,False,60,1,2.827
True,True,False,True,True,True,False,False,False,20,9,4.7330000000000005
True,True,False,True,True,True,False,False,False,20,5,3.5010000000000003
True,True,False,True,False,False,False,True,False,60,1,2.333
True,False,False,True,True,True,True,True,False,40,9,3.826
True,True,False,True,False,True,True,True,False,60,1,2.333
True,True,False,True,False,True,True,False,False,40,1,2.38
True,False,False,True,True,True,True,True,False,40,5,3.353
True,False,False,True,True,True,True,False,False,60,9,5.936
True,True,False,True,False,True,True,True,False,60,5,2.937
True,False,False,True,False,True,False,True,False,60,1,2.469
True,True,False,True,False,True,True,True,False,60,9,3.434
True,False,False,True,False,False,True,False,True,20,9,5.845
True,True,False,False,True,True,False,True,False,60,1,2.365
True,False,False,True,False,False,True,False,True,20,1,2.681
True,False,False,True,False,False,True,False,True,20,5,4.4430000000000005
True,True,False,False,True,True,False,True,False,60,9,3.323
True,True,False,False,True,False,True,True,False,40,5,2.945
True,False,False,False,True,False,False,False,True,20,9,5.077
True,True,False,True,False,False,False,True,False,60,5,2.652
True,True,False,True,True,True,False,True,True,40,9,3.21
True,False,False,False,True,False,False,False,True,20,5,3.836
True,True,False,False,True,True,False,True,False,60,5,2.782
True,True,False,True,False,False,False,True,False,60,9,3.23
True,False,False,False,True,False,False,False,True,20,1,2.338
True,False,False,True,False,True,False,True,False,60,9,3.644
True,True,False,True,True,True,False,False,True,60,5,3.638
True,True,False,True,True,True,False,True,True,40,1,2.281
True,False,False,False,False,False,True,False,False,40,1,2.6910000000000003
True,False,False,True,False,True,False,True,False,60,5,3.0660000000000003
True,True,False,True,True,True,False,False,True,60,9,4.967
True,True,False,True,True,True,False,True,True,40,5,2.672
True,False,False,True,True,True,True,False,False,40,5,4.447
True,False,False,True,True,True,True,True,False,20,1,2.885
True,True,False,True,True,True,False,False,False,40,1,2.238
True,False,False,True,True,True,True,False,False,40,1,2.801
True,True,False,False,False,True,False,False,True,20,9,4.4430000000000005
True,True,False,True,True,True,False,False,False,40,9,4.885
True,True,False,True,True,True,False,True,False,20,5,2.536
True,True,False,True,False,True,True,False,False,40,5,3.975
True,True,False,False,False,True,False,False,True,20,5,3.1710000000000003
True,True,False,True,True,True,False,True,False,20,1,2.151
True,True,False,True,True,True,False,False,False,40,5,3.554
True,True,False,False,False,True,False,False,True,20,1,2.003
True,False,False,True,False,False,True,False,True,40,1,2.737
True,False,False,True,True,True,True,True,False,20,9,3.954
True,False,False,True,True,True,True,False,False,40,9,5.91
True,False,False,True,True,True,True,True,False,20,5,3.373
True,False,False,True,False,False,True,True,True,20,9,3.907
True,False,False,True,False,False,True,False,True,40,5,4.3439999999999985
True,True,False,False,True,False,True,True,False,40,9,3.499
True,False,False,True,False,False,True,True,True,20,1,2.739
True,True,False,False,True,True,False,True,False,40,1,2.224
True,True,False,False,True,True,False,False,False,60,5,3.697
True,False,False,True,False,False,True,False,True,40,9,5.8660000000000005
True,False,False,True,False,False,True,True,True,20,5,3.3280000000000003
True,True,False,False,True,True,False,False,False,60,1,2.331
True,True,False,True,True,True,False,True,True,60,9,3.372
True,True,False,False,True,True,False,True,False,40,9,3.313
True,True,False,False,True,True,False,True,False,40,5,2.627
True,True,False,True,True,True,False,True,False,20,9,3.112
True,False,False,False,False,False,False,True,False,20,1,2.172
True,True,False,False,True,True,False,False,False,60,9,4.957
True,True,False,True,True,True,False,True,True,60,1,2.422
True,True,False,True,True,True,False,True,True,60,5,2.837
True,False,False,True,True,True,True,False,False,20,1,2.802
True,False,False,False,True,False,False,True,True,20,9,3.256
True,True,False,True,False,False,False,False,False,40,1,2.199
True,False,False,False,True,True,True,False,False,60,9,5.948
True,False,False,True,False,False,True,True,False,60,9,3.856
True,False,False,False,True,True,True,True,False,40,5,3.279
True,False,False,False,True,True,True,True,False,40,9,3.906
True,True,False,True,False,True,True,False,False,40,9,5.381
True,False,False,True,False,False,True,False,True,60,1,2.76
True,False,False,True,True,True,True,False,False,20,9,5.852
True,False,False,False,True,True,True,False,False,60,1,2.795
True,False,False,True,False,False,True,True,False,60,1,2.698
True,False,False,True,True,True,True,False,False,20,5,4.455
True,False,False,True,False,False,True,True,False,60,5,3.3080000000000003
True,False,False,False,True,True,True,False,False,60,5,4.522
True,False,False,False,True,True,True,True,False,40,1,2.757
True,True,False,False,True,False,True,False,True,20,1,2.418
True,False,False,True,False,False,True,True,True,40,9,3.896
True,False,False,False,True,False,False,False,False,60,9,5.296
True,True,False,False,True,False,True,False,True,20,5,4.057
True,True,False,True,False,False,False,True,True,60,9,3.219
True,True,False,False,True,False,True,False,True,20,9,5.473
True,False,False,True,False,False,True,False,True,60,5,4.441
True,False,False,True,False,False,True,True,True,40,1,2.764
True,False,False,True,False,False,True,False,True,60,9,5.7879999999999985
True,False,False,True,False,False,True,True,True,40,5,3.297
True,True,False,True,False,False,False,False,False,40,5,3.353
True,True,False,True,True,True,False,False,True,20,9,4.712
True,True,False,True,False,False,False,True,False,20,1,2.019
True,False,False,True,True,True,True,False,True,40,1,2.8360000000000003
True,False,False,False,False,False,False,True,False,20,5,2.733
True,False,False,False,True,False,False,True,True,40,9,3.446
True,False,False,False,True,False,False,False,True,60,9,5.384
True,True,False,True,False,False,False,False,False,40,9,4.468
True,False,False,False,True,False,False,True,True,40,5,2.912
True,True,False,True,False,False,False,True,False,20,5,2.408
True,False,False,False,True,False,False,False,True,60,5,4.027
True,True,False,True,False,False,False,True,True,60,5,2.63
True,True,False,True,True,True,False,False,True,20,1,2.131
True,False,False,False,True,False,False,True,True,40,1,2.496
True,True,False,True,False,False,False,True,False,20,9,2.928
True,False,False,False,False,True,True,False,False,20,1,2.6830000000000003
True,False,False,False,True,False,False,False,True,60,1,2.604
True,True,False,True,False,False,False,True,True,60,1,2.3280000000000003
True,True,False,True,True,True,False,False,True,20,5,3.42
True,True,False,True,True,True,False,False,True,60,1,2.386
True,True,False,True,False,False,False,False,False,60,1,2.3080000000000003
True,True,False,True,False,False,False,False,False,60,5,3.4560000000000004
True,True,False,True,False,False,False,True,False,40,1,2.18
True,False,False,True,False,False,True,False,False,60,9,5.787000000000001
True,False,False,True,False,False,True,True,False,40,5,3.318
True,False,False,False,True,True,True,True,False,60,9,3.913
True,False,False,False,True,False,False,False,False,60,5,3.898
True,False,False,True,True,True,True,False,True,20,5,4.573
True,False,False,True,False,False,True,True,False,40,9,3.883
True,False,False,True,False,False,True,True,True,60,1,2.72
True,False,False,True,True,True,True,False,True,20,1,2.837
True,False,False,False,True,True,True,True,False,60,1,2.815
True,False,False,True,False,False,True,False,False,60,1,2.718
True,False,False,False,True,True,True,True,False,60,5,3.32
True,False,False,True,False,False,True,False,False,60,5,4.3660000000000005
True,False,False,True,False,False,True,True,False,40,1,2.735
True,True,False,False,True,False,True,False,True,60,1,2.457
True,False,False,False,False,False,False,True,False,20,9,3.214
True,True,False,False,True,False,True,False,True,40,1,2.422
True,True,False,False,True,False,True,True,True,20,1,2.407
True,True,False,False,True,False,True,False,True,40,5,4.033
True,False,False,True,False,False,True,True,True,60,5,3.344
True,True,False,False,True,False,True,True,True,20,5,2.86
True,True,False,False,True,False,True,False,True,40,9,5.505
True,False,False,True,False,False,True,True,True,60,9,3.853
True,False,False,True,True,True,True,False,True,20,9,5.857
True,True,False,False,True,False,True,True,True,20,9,3.49
True,True,False,True,True,True,False,False,True,40,9,4.88
True,False,False,False,False,True,True,False,False,20,5,4.484
True,True,False,True,False,False,False,False,False,60,9,4.473
True,True,False,True,False,False,False,True,False,40,5,2.546
True,False,False,False,True,False,False,True,True,20,5,2.782
True,True,False,True,True,True,False,True,True,20,5,2.5580000000000003
True,False,False,False,True,False,False,False,True,40,9,5.1560000000000015
True,False,False,False,True,False,False,True,True,20,1,2.341
True,True,False,True,False,False,False,True,False,40,9,3.084
True,True,False,True,True,True,False,True,True,20,9,3.2110000000000003
True,False,False,False,True,False,False,False,True,40,5,3.86
True,True,False,True,True,True,False,False,True,40,1,2.332
True,False,False,False,False,True,False,False,True,60,9,5.142
True,False,False,False,True,False,False,False,True,40,1,2.496
True,True,False,True,True,True,False,False,True,40,5,3.536
True,True,False,True,True,True,False,True,True,20,1,2.11
True,False,False,False,True,False,False,False,False,60,1,2.5660000000000003
True,False,False,False,False,True,True,False,False,20,9,5.791
True,False,False,False,False,True,False,False,True,60,5,3.869
True,True,False,False,True,True,True,True,False,20,9,3.412
True,True,False,False,True,False,False,True,True,40,5,2.553
True,False,False,False,False,True,False,False,True,60,1,2.49
True,True,False,False,False,True,True,True,True,40,5,2.91
True,True,False,False,False,True,True,True,True,40,9,3.447
True,True,False,False,True,True,True,True,False,20,1,2.4330000000000003
True,True,False,False,True,True,False,True,True,60,5,2.7910000000000004
True,True,False,False,True,True,True,True,False,20,5,2.909
True,True,False,False,True,True,False,True,True,60,1,2.4130000000000003
True,True,False,False,True,True,False,True,True,40,9,3.3280000000000003
True,False,False,False,False,False,True,False,False,60,9,5.914
True,False,False,False,False,True,True,False,True,20,1,2.698
True,True,False,True,False,True,False,False,True,40,5,3.337
True,False,False,True,True,True,False,True,False,40,9,3.717
True,True,False,True,False,True,True,False,False,60,1,2.351
True,False,False,False,False,True,True,False,True,20,5,4.384
True,True,False,False,True,False,True,True,False,60,1,2.426
True,False,False,True,True,True,False,True,False,40,5,3.016
True,True,False,True,False,True,True,False,False,60,5,3.996
True,False,False,False,False,True,True,False,True,20,9,5.8439999999999985
True,True,False,False,True,False,True,True,False,60,5,2.883
True,False,False,False,False,False,True,False,False,60,5,4.47
True,True,False,True,False,True,True,False,False,60,9,5.285
True,False,False,False,True,True,False,False,False,20,9,5.2029999999999985
True,True,False,False,True,False,True,True,False,60,9,3.4810000000000003
True,False,False,False,False,False,False,True,False,40,1,2.349
True,False,False,False,False,False,True,False,False,60,1,2.636
True,False,False,False,False,False,False,True,False,40,5,2.8360000000000003
True,False,False,True,True,False,True,False,True,20,9,5.88
True,False,False,False,False,True,False,False,True,40,9,5.072
True,False,False,False,False,False,False,True,False,40,9,3.339
True,False,False,True,True,False,True,False,True,20,5,4.516
True,True,False,True,False,False,False,False,True,20,9,4.45
True,False,False,False,False,True,False,False,True,40,5,3.738
True,False,False,False,False,False,False,True,False,60,1,2.483
True,False,False,True,True,True,False,True,False,60,5,3.076
True,False,False,False,False,True,False,False,True,40,1,2.377
True,True,False,False,True,True,True,False,True,60,9,5.461
True,False,False,True,True,True,False,True,False,60,1,2.639
True,True,False,False,True,True,True,False,True,60,5,4.023
True,True,False,False,False,True,True,True,True,20,1,2.327
True,True,False,False,True,True,True,False,True,60,1,2.42
True,True,False,False,False,True,True,True,True,20,5,2.8760000000000003
True,True,False,False,True,True,False,True,True,40,5,2.658
True,True,False,False,False,True,True,True,True,20,9,3.377
True,True,False,False,True,False,False,True,True,40,1,2.193
True,False,False,True,True,False,True,False,True,20,1,2.798
True,True,False,True,False,False,False,False,True,20,5,3.178
True,True,False,False,True,True,False,True,True,40,1,2.255
True,True,False,True,False,False,False,False,True,20,1,1.992
True,False,False,False,False,False,True,False,True,60,5,4.423
True,True,False,True,False,True,False,True,False,40,5,2.628
True,True,False,True,False,True,False,False,False,60,9,4.767
True,False,False,True,True,False,False,True,False,40,9,3.528
True,False,False,False,False,False,True,False,True,60,9,5.849
True,True,False,True,False,True,False,False,False,60,5,3.527
True,True,False,True,False,True,False,False,True,40,1,2.225
True,True,False,True,False,True,False,True,False,40,1,2.16
True,False,False,True,True,False,False,True,False,40,5,3.002
True,True,False,True,False,True,False,False,False,60,1,2.357
True,False,False,True,True,False,False,True,False,40,1,2.544
True,False,False,False,False,False,True,False,True,60,1,2.641
True,False,False,False,False,True,True,False,True,40,1,2.684
True,False,False,False,False,True,True,False,True,40,5,4.392
True,False,False,False,False,True,True,False,True,40,9,5.801
True,True,False,True,False,True,False,True,False,40,9,3.235
True,False,False,False,False,False,False,False,True,40,1,2.344
True,False,False,False,True,True,False,False,False,20,5,3.794
True,False,False,False,False,False,False,True,True,20,1,2.172
True,False,False,False,False,False,False,False,True,40,5,3.735
True,True,False,True,True,False,False,False,False,20,9,4.8039999999999985
True,False,False,False,False,False,False,True,True,20,5,2.718
True,False,False,False,False,False,False,False,True,40,9,5.0310000000000015
True,False,False,False,False,True,True,False,True,60,1,2.694
True,True,False,True,True,False,False,False,False,20,5,3.419
True,False,False,False,False,False,False,True,True,20,9,3.284
True,False,False,True,True,False,True,True,False,60,5,3.303
True,True,False,True,True,False,False,False,False,20,1,2.12
True,False,False,False,False,False,False,True,False,60,5,2.94
True,False,False,True,True,False,True,True,False,60,1,2.812
True,False,False,True,True,False,True,True,False,60,9,3.938
True,False,False,False,False,False,True,False,False,20,9,5.876
True,False,False,True,True,False,False,True,False,20,9,3.391
True,True,False,True,False,True,False,True,False,20,5,2.462
True,True,False,True,False,True,False,False,False,40,9,4.677
True,True,False,True,True,False,True,True,True,60,9,3.49
True,False,False,False,False,False,True,False,False,20,5,4.364
True,False,False,True,True,False,False,True,False,20,5,2.857
True,True,False,True,False,True,False,True,False,20,1,2.046
True,True,False,False,True,True,False,True,True,20,5,2.47
True,False,False,True,True,False,True,False,True,40,9,5.909
True,True,False,True,False,True,False,False,False,40,5,3.4
True,False,False,True,True,False,False,True,False,20,1,2.385
True,True,False,True,False,True,False,False,False,40,1,2.194
True,False,False,False,False,True,True,False,True,60,5,4.386
True,False,False,False,False,True,True,False,True,60,9,5.8210000000000015
True,True,False,True,True,False,True,True,True,60,5,2.92
True,False,False,False,False,False,True,False,False,20,1,2.688
True,True,False,True,True,False,True,True,True,60,1,2.52
True,True,False,True,False,True,False,True,False,20,9,3.068
True,False,False,False,False,False,False,False,True,60,1,2.519
True,True,False,False,True,False,True,False,True,60,5,4.073
True,False,False,False,False,False,False,True,True,40,1,2.339
True,False,False,False,False,False,False,False,True,60,5,3.82
True,True,False,True,True,False,False,False,False,40,9,4.6960000000000015
True,False,False,False,False,False,False,True,True,40,5,2.873
True,False,False,False,False,False,False,False,True,60,9,5.045
True,True,False,True,True,False,False,False,False,40,5,3.5980000000000003
True,False,False,False,False,False,False,True,True,40,9,3.318
True,True,False,True,True,False,False,False,False,40,1,2.299
True,False,False,False,False,False,True,False,True,20,1,2.645
True,True,False,False,False,True,True,True,False,60,1,2.333
True,False,False,False,False,True,True,False,False,60,1,2.659
True,True,False,True,False,True,False,False,False,20,5,3.238
True,False,False,True,True,False,False,True,True,60,1,2.667
True,True,False,False,False,True,True,True,False,60,5,2.799
True,False,False,False,False,False,True,False,True,20,5,4.384
True,True,False,True,False,True,False,False,False,20,1,2.024
True,True,False,False,False,True,True,True,False,60,9,3.3760000000000003
True,False,False,True,False,True,True,True,True,20,1,2.764
True,False,False,True,False,True,True,True,True,20,9,3.909
True,False,False,True,False,True,True,True,True,20,5,3.343
True,True,False,True,False,True,False,False,False,20,9,4.4060000000000015
True,False,False,False,True,False,False,False,False,20,5,3.815
True,True,False,False,False,False,True,True,True,40,5,2.8280000000000003
True,True,False,False,False,False,True,True,True,40,9,3.437
True,True,False,False,False,False,True,True,True,40,1,2.282
True,True,False,True,True,False,False,False,False,60,9,4.854
True,False,False,True,True,False,True,True,False,20,1,2.809
True,False,False,True,True,False,True,False,False,40,5,4.489
True,True,False,True,True,False,False,False,False,60,5,3.613
True,False,False,True,True,False,True,False,False,40,1,2.898
True,True,False,False,False,False,False,False,False,20,1,1.99
True,True,False,True,True,False,False,False,False,60,1,2.371
True,False,False,False,False,False,False,True,False,60,9,3.492
True,False,False,True,True,False,True,True,False,20,9,3.921
True,True,False,False,False,False,False,False,False,20,5,3.172
True,False,False,True,True,False,False,True,True,60,9,3.641
True,False,False,True,True,False,True,False,False,40,9,5.907
True,False,False,True,True,False,True,True,False,20,5,3.385
True,True,False,False,False,False,False,False,False,20,9,4.392
True,False,False,True,True,False,False,True,True,60,5,3.037
True,False,False,False,False,False,True,False,True,40,5,4.396
True,False,False,True,True,False,False,True,False,60,9,3.562
True,False,False,False,False,False,True,False,True,40,9,5.9460000000000015
True,False,False,True,True,False,True,False,True,40,5,4.488
True,False,False,True,True,False,False,True,False,60,5,3.053
True,False,False,True,True,False,True,False,False,60,1,2.795
True,False,False,False,False,False,True,False,True,40,1,2.642
True,False,False,True,True,False,False,True,False,60,1,2.625
True,True,False,True,False,True,False,False,True,20,9,4.5539999999999985
True,True,False,True,False,True,False,False,True,20,5,3.3160000000000003
True,True,False,True,False,True,False,False,True,20,1,1.978
True,True,False,True,False,True,True,False,True,20,1,2.36
True,True,False,False,False,False,True,True,True,20,5,2.819
True,True,False,False,False,False,True,True,True,20,9,3.37
True,True,False,True,False,False,False,False,True,40,9,4.463
True,True,False,True,False,True,True,False,True,20,9,5.325
True,False,False,False,False,False,False,False,True,20,1,2.195
True,True,False,False,False,False,True,True,True,20,1,2.322
True,True,False,True,False,True,True,False,True,20,5,3.993
True,False,False,False,False,False,False,False,True,20,5,3.6
True,False,False,False,False,True,False,True,False,60,5,3.036
True,False,False,True,True,False,True,False,False,60,9,5.8889999999999985
True,False,False,True,True,False,True,True,False,40,5,3.359
True,False,False,False,False,False,False,False,True,20,9,4.816
True,False,False,False,False,True,False,True,False,60,9,3.613
True,True,False,False,True,False,True,False,True,60,9,5.443
True,False,False,True,True,False,True,True,False,40,1,2.85
True,False,False,True,True,False,True,False,False,60,5,4.454
True,False,False,False,False,False,True,False,True,20,9,5.774
True,False,False,False,False,True,False,True,False,60,1,2.47
True,False,False,True,True,False,True,True,False,40,9,3.838
True,True,False,False,True,False,False,False,True,60,1,2.399
True,False,False,True,False,False,False,True,True,60,9,3.448
True,False,False,False,True,False,True,False,False,40,9,5.892
True,True,False,False,False,True,True,True,False,20,1,2.34
True,False,False,True,False,False,False,True,True,60,5,2.923
True,False,False,False,False,True,True,False,False,60,5,4.416
True,True,False,False,False,True,True,True,False,20,5,2.892
True,False,False,True,True,True,False,False,True,20,9,5.184
True,True,False,True,False,False,True,False,True,60,9,5.459
True,True,False,False,False,True,True,True,False,20,9,3.39
True,False,False,True,True,True,False,False,True,20,1,2.386
True,True,False,True,False,True,False,True,True,20,9,3.114
True,False,False,True,True,True,False,False,True,20,5,4.009
True,True,False,True,False,True,False,True,True,20,5,2.457
True,False,False,True,False,False,False,False,False,20,1,2.221
True,True,False,False,True,False,False,False,True,60,9,4.887
True,False,False,False,True,False,False,False,False,20,1,2.327
True,True,False,True,False,True,False,True,True,20,1,2.047
True,False,False,True,False,False,False,True,True,60,1,2.597
True,False,False,True,False,False,False,False,False,20,5,3.693
True,True,False,False,True,False,False,False,True,60,5,3.612
True,False,False,True,False,False,False,False,False,20,9,5.002
True,False,False,True,True,False,True,True,True,20,5,3.349
True,True,False,True,True,False,False,False,True,20,5,3.364
True,False,False,False,True,True,False,False,True,60,9,5.479
True,False,False,True,True,False,True,True,True,20,1,2.902
True,True,False,False,False,False,True,True,False,40,9,3.52
True,False,False,True,False,True,True,True,True,60,5,3.357
True,False,False,False,False,True,True,False,False,60,9,5.88
True,True,False,True,True,False,False,False,True,20,1,2.065
True,False,False,False,True,True,False,False,True,60,5,4.013
True,True,False,False,True,True,True,True,True,20,9,3.556
True,False,False,True,True,False,True,True,True,20,9,3.924
True,True,False,False,True,True,True,True,True,20,5,2.952
True,False,False,False,False,True,False,False,False,60,9,5.193
True,True,False,False,True,True,True,True,True,20,1,2.4290000000000003
True,False,False,False,True,False,True,False,False,60,1,2.737
True,False,False,False,True,False,True,False,False,60,5,4.44
True,False,False,False,False,True,False,False,False,60,1,2.498
True,True,False,False,True,True,True,False,True,40,9,5.45
True,True,False,False,False,False,True,True,False,40,5,2.905
True,False,False,False,False,True,False,False,False,60,5,3.839
True,False,False,False,True,False,True,False,False,60,9,5.901
True,True,False,False,False,False,True,True,False,40,1,2.341
True,False,False,True,False,False,False,True,True,40,5,2.9210000000000003
True,False,False,False,True,False,True,False,False,20,9,5.977
True,True,False,False,False,True,True,True,False,40,1,2.338
True,False,False,True,False,True,True,False,True,60,1,2.697
True,False,False,True,False,False,False,True,True,40,1,2.378
True,True,False,False,False,True,True,True,False,40,5,2.886
True,False,False,False,False,True,False,True,False,40,5,2.888
True,False,False,False,True,False,True,True,True,60,1,2.763
True,True,False,True,False,False,True,False,True,40,9,5.372000000000001
True,True,False,False,False,True,True,True,False,40,9,3.386
True,False,False,False,True,False,True,True,True,60,5,3.306
True,False,False,True,False,True,True,False,True,60,9,5.725
True,False,False,True,False,False,False,True,True,40,9,3.415
True,False,False,False,True,False,True,True,True,60,9,3.835
True,False,False,True,False,True,True,False,True,60,5,4.435
True,True,False,True,False,True,False,True,True,40,9,3.219
True,False,False,False,True,True,False,True,False,20,1,2.315
True,True,False,False,True,True,True,False,True,40,5,4.017
True,True,False,True,False,True,False,True,True,40,5,2.637
True,True,False,True,False,True,False,True,True,40,1,2.1830000000000003
True,False,False,False,True,True,False,True,False,20,9,3.4160000000000004
True,False,False,False,True,True,False,True,False,20,5,2.827
True,False,False,True,True,False,True,True,True,40,9,3.92
True,True,False,False,False,False,True,True,False,20,9,3.3710000000000004
True,False,False,False,False,True,False,True,True,60,9,3.604
True,False,False,True,True,False,True,True,True,40,5,3.292
True,False,False,False,False,True,False,True,True,60,5,2.944
True,False,False,False,False,True,False,True,True,60,1,2.506
True,False,False,False,False,True,False,True,False,40,9,3.491
True,True,False,True,False,False,True,False,True,60,1,2.392
True,False,False,True,True,False,True,False,False,20,5,4.569
True,False,False,False,False,True,False,False,False,40,5,3.764
True,True,False,True,False,False,True,False,True,60,5,3.966
True,False,False,False,False,True,False,False,False,40,9,5.147
True,False,False,True,True,False,True,False,False,20,1,2.855
True,True,False,False,False,False,True,True,False,20,5,2.825
True,False,False,True,True,False,True,True,True,40,1,2.8310000000000004
True,False,False,False,True,False,True,False,False,40,1,2.7510000000000003
True,True,False,False,False,False,True,True,False,20,1,2.3280000000000003
True,True,False,False,True,True,True,False,True,40,1,2.385
True,False,False,True,True,False,True,False,False,20,9,5.892
True,False,False,False,True,False,True,False,False,40,5,4.501
True,False,False,False,False,True,False,False,False,40,1,2.387
True,False,False,True,False,True,True,True,False,40,5,3.289
True,False,False,True,False,False,False,True,True,20,5,2.756
True,False,False,True,False,True,True,True,False,40,9,3.833
True,True,False,False,True,True,True,False,False,40,1,2.454
True,False,False,True,False,False,False,True,True,20,1,2.236
True,True,False,False,False,True,True,False,True,60,1,2.335
True,True,False,True,False,False,True,False,True,20,5,3.936
True,False,False,True,True,False,False,True,True,20,9,3.404
True,True,False,False,False,True,True,False,True,60,5,3.963
True,False,False,True,False,False,False,True,True,20,9,3.301
True,True,False,True,False,False,True,False,True,20,9,5.357
True,True,False,True,False,True,False,True,True,60,9,3.321
True,False,False,False,True,True,False,False,True,40,1,2.544
True,True,False,True,False,True,False,True,True,60,5,2.747
True,False,False,False,False,False,False,False,False,40,1,2.345
True,True,False,True,False,True,False,True,True,60,1,2.297
True,False,False,False,False,False,False,False,False,40,5,3.644
True,True,False,True,True,True,True,True,False,40,5,2.966
True,False,False,True,True,False,True,False,True,40,1,2.849
True,True,False,True,True,False,False,False,True,60,9,4.887
True,False,False,False,True,True,False,False,True,20,5,3.825
True,False,False,False,False,False,False,False,False,40,9,4.989
True,False,False,False,False,False,False,True,True,60,1,2.489
True,True,False,True,True,True,True,True,False,40,1,2.45
True,False,False,False,False,True,False,True,True,40,9,3.444
True,True,False,True,True,False,False,False,True,60,5,3.651
True,False,False,False,True,True,False,False,True,20,1,2.329
True,False,False,False,False,False,False,True,True,60,5,2.904
True,False,False,False,False,True,False,True,True,40,5,2.926
True,True,False,True,False,False,False,False,True,40,5,3.355
True,True,False,True,True,False,False,False,True,60,1,2.391
True,False,False,False,False,False,False,True,True,60,9,3.418
True,False,False,False,False,True,False,True,True,40,1,2.394
True,True,False,False,True,True,True,True,True,60,9,3.392
True,False,False,False,True,True,False,False,True,20,9,5.15
True,True,False,False,False,True,True,False,True,60,9,5.289
True,True,False,True,False,False,True,False,True,40,1,2.407
True,False,False,False,False,True,False,False,False,20,5,3.625
True,True,False,False,True,True,True,True,True,60,5,2.892
True,True,False,True,False,False,True,False,True,40,5,3.933
True,True,False,False,True,True,False,True,True,20,1,2.083
True,False,False,False,False,True,False,False,False,20,9,4.974
True,True,False,False,True,True,True,True,True,60,1,2.444
True,True,False,False,True,True,True,False,False,40,5,4.149
True,False,False,False,False,True,False,False,False,20,1,2.199
True,True,False,True,True,True,True,True,False,40,9,3.5
True,True,False,False,True,True,True,False,False,40,9,5.511
True,False,False,True,False,True,True,True,False,60,1,2.781
True,False,False,True,False,True,True,True,False,20,1,2.721
True,True,False,True,False,True,False,True,False,60,9,3.322
True,False,False,True,False,True,True,True,False,20,5,3.362
True,False,False,True,False,True,True,True,True,60,1,2.676
True,False,False,True,True,False,False,True,True,20,5,2.879
True,True,False,True,False,True,False,True,False,60,5,2.6910000000000003
True,True,False,True,False,True,False,True,False,60,1,2.333
True,False,False,True,False,True,True,True,False,20,9,3.958
True,True,False,False,False,True,True,False,True,40,1,2.345
True,False,False,True,True,True,False,False,False,60,9,5.352
True,False,False,False,False,False,False,False,False,60,1,2.472
True,False,False,False,True,True,False,False,True,60,1,2.589
True,False,False,False,False,False,False,False,False,60,5,3.757
True,True,False,True,True,False,False,False,True,20,9,4.782
True,False,False,False,False,True,False,True,True,20,9,3.406
True,False,False,False,False,True,False,True,False,40,1,2.377
True,True,False,True,True,False,False,False,True,40,9,4.7189999999999985
True,False,False,False,True,True,False,False,True,40,9,5.308
True,False,False,False,False,False,False,False,False,60,9,4.931
True,True,False,True,True,True,True,True,False,60,9,3.5610000000000004
True,False,False,False,False,True,False,True,True,20,5,2.732
True,True,False,True,True,False,False,False,True,40,5,3.4730000000000003
True,False,False,False,True,True,False,False,True,40,5,4.001
True,True,False,True,True,True,True,True,False,60,5,2.95
True,False,False,False,False,True,False,True,True,20,1,2.219
True,True,False,False,True,True,True,True,True,40,9,3.489
True,True,False,True,False,False,False,False,True,40,1,2.156
True,True,False,True,True,False,False,False,True,40,1,2.281
True,True,False,True,True,True,True,True,False,60,1,2.506
True,True,False,False,True,True,True,True,True,40,5,2.87
True,True,False,False,False,False,True,True,False,60,1,2.332
True,True,False,False,True,True,True,True,True,40,1,2.45
True,True,False,False,False,True,True,False,True,40,5,4.0310000000000015
True,True,False,False,True,True,True,False,False,20,9,5.473
True,True,False,False,False,True,True,False,True,40,9,5.307
True,True,False,True,False,False,True,False,True,20,1,2.322
True,True,False,False,False,False,True,True,False,60,9,3.3560000000000003
True,False,False,False,True,False,False,False,False,20,9,5.134
True,True,False,False,True,True,True,False,False,20,1,2.452
True,True,False,False,False,False,True,True,False,60,5,2.82
True,False,False,True,False,True,True,True,False,40,1,2.775
True,True,False,False,True,True,True,False,False,20,5,4.148
True,True,False,False,True,False,False,True,False,60,9,3.305
True,False,False,False,True,False,True,False,True,20,1,2.79
True,True,False,False,True,True,True,True,False,60,1,2.443
True,True,False,False,True,False,False,True,False,60,1,2.329
True,False,False,False,True,False,True,False,True,20,5,4.416
True,True,False,False,True,False,False,True,False,60,5,2.754
True,False,False,True,True,False,False,True,True,20,1,2.338
True,False,False,False,True,False,True,False,True,20,9,5.8610000000000015
True,True,False,False,False,True,True,False,True,20,1,2.265
True,False,False,True,True,True,False,True,False,20,9,3.48
True,False,False,True,True,True,False,True,False,20,5,2.8480000000000003
True,False,False,True,True,True,False,False,False,40,9,5.224
True,False,False,True,True,True,False,False,False,60,1,2.694
True,True,False,True,True,True,True,False,False,20,5,4.185
True,False,False,True,True,True,False,False,False,60,5,4.045
True,True,False,True,True,True,True,False,False,20,1,2.494
True,True,False,True,False,False,True,True,False,60,1,2.36
True,False,False,True,True,False,False,True,True,40,1,2.529
True,False,False,False,False,True,False,False,True,20,9,4.847
True,False,False,False,False,True,False,False,True,20,5,3.672
True,False,False,True,True,True,False,True,False,40,1,2.576
True,False,False,False,False,True,False,False,True,20,1,2.2230000000000003
True,True,False,False,False,True,True,False,True,20,5,3.991
True,True,False,False,False,True,True,False,True,20,9,5.335
True,True,False,False,True,True,True,True,False,60,5,2.852
True,True,False,True,False,False,True,True,False,60,5,2.959
True,True,False,True,True,True,True,False,False,20,9,5.481
True,True,False,False,True,True,True,True,False,60,9,3.47
True,True,False,False,True,False,False,True,True,60,1,2.317
True,True,False,True,False,False,True,True,False,60,9,3.528
True,True,False,False,True,False,False,True,False,40,5,2.625
True,False,False,True,False,True,True,True,False,60,5,3.34
True,True,False,False,True,False,False,False,False,60,9,4.9830000000000005
True,True,False,False,True,False,False,True,False,40,9,3.089
True,True,False,False,True,True,True,False,False,60,1,2.442
True,False,False,True,False,True,True,True,False,60,9,3.864
True,True,False,False,True,False,False,False,False,60,5,3.616
True,True,False,False,True,False,False,False,False,60,1,2.359
True,True,False,False,True,False,False,True,False,40,1,2.232
True,False,False,True,False,True,True,True,True,40,5,3.303
True,False,False,True,False,False,False,True,False,60,1,2.494
True,False,False,True,True,True,False,True,True,60,5,3.165
True,False,False,True,False,False,False,True,False,60,5,3.009
True,False,False,True,True,True,False,True,True,60,9,3.788
True,False,False,True,True,True,False,False,False,20,5,3.793
True,False,False,True,False,False,False,True,False,60,9,3.56
True,False,False,True,True,True,False,False,False,20,9,5.1320000000000014
True,False,False,True,True,True,False,True,True,60,1,2.69
True,False,False,True,True,True,False,False,False,40,1,2.591
True,True,False,True,True,True,True,False,False,40,9,5.521
True,True,False,False,False,True,True,True,True,60,1,2.336
True,True,False,True,True,True,True,True,False,20,5,2.915
True,False,False,True,True,True,False,False,False,40,5,3.927
True,True,False,True,True,True,True,True,False,20,1,2.567
True,True,False,True,True,True,True,False,False,40,5,4.135
True,False,False,True,True,True,False,True,False,20,1,2.397
True,True,False,True,True,True,True,False,False,40,1,2.508
True,True,False,False,True,True,True,True,False,40,9,3.495
True,True,False,True,True,True,True,True,True,60,9,3.483
True,True,False,True,True,True,True,True,True,60,5,3.0010000000000003
True,True,False,False,True,True,True,False,False,60,5,4.098
True,False,False,True,False,True,True,True,True,40,1,2.756
True,True,False,False,True,True,True,True,False,40,1,2.391
True,True,False,True,True,True,True,True,True,60,1,2.498
True,True,False,False,True,True,True,False,False,60,9,5.465
True,True,False,False,True,True,True,True,False,40,5,2.869
True,True,False,True,True,True,True,True,False,20,9,3.492
True,False,False,False,True,False,True,False,True,60,1,2.78
True,True,False,False,True,False,False,True,False,20,5,2.424
True,False,False,False,True,False,True,True,True,40,1,2.739
True,False,False,False,True,False,True,False,True,60,5,4.433
True,True,False,False,True,False,False,True,False,20,9,3.03
True,False,False,True,True,True,True,False,True,40,9,5.896
True,False,False,False,True,True,False,False,False,40,5,3.941
True,True,False,False,True,False,False,False,False,40,9,4.763
True,False,False,False,True,False,True,False,True,60,9,5.877000000000002
True,False,False,False,True,False,True,True,True,40,5,3.3160000000000003
True,False,False,True,True,True,False,True,True,40,9,3.617
True,True,False,False,True,False,False,False,False,40,5,3.485
True,False,False,False,True,False,True,True,True,40,9,3.876
True,True,False,False,True,False,False,True,False,20,1,2.134
True,True,False,False,True,False,False,False,False,40,1,2.214
True,False,False,True,True,True,False,False,True,60,5,3.99
True,False,False,False,True,True,False,True,False,40,1,2.521
True,False,False,True,True,True,True,False,True,60,9,6.011
True,False,False,True,True,True,False,True,True,40,1,2.59
True,False,False,False,True,True,False,False,False,60,5,4.013
True,False,False,True,False,False,False,False,False,60,1,2.5660000000000003
True,True,False,False,True,False,False,False,True,20,9,4.72
True,False,False,True,True,True,False,True,True,40,5,3.019
True,False,False,True,True,True,False,False,True,60,9,5.308
True,False,False,False,True,True,False,False,False,60,1,2.654
True,False,False,True,False,False,False,True,False,40,1,2.417
True,False,False,True,False,False,False,False,False,60,5,3.882
True,True,False,False,True,False,False,False,True,20,5,3.428
True,False,False,False,True,True,False,False,False,40,1,2.486
True,False,False,False,True,True,False,True,False,40,9,3.6010000000000004
True,False,False,True,False,False,False,True,False,40,5,2.89
True,False,False,True,False,False,False,False,False,60,9,5.006
True,True,False,False,True,False,False,False,True,20,1,2.075
True,False,False,True,True,True,False,False,True,60,1,2.713
True,False,False,False,True,True,False,True,False,40,5,2.947
True,False,False,False,True,True,False,False,False,60,9,5.448
True,False,False,True,False,False,False,True,False,40,9,3.43
True,False,False,True,True,True,False,False,False,20,1,2.38
True,True,False,True,False,False,True,False,False,40,1,2.38
True,False,False,True,True,True,True,False,True,60,5,4.431
True,True,False,True,False,False,True,True,False,20,9,3.516
True,True,False,True,True,True,True,True,True,40,9,3.485
True,True,False,True,True,True,True,True,True,40,5,2.9760000000000004
True,True,False,True,True,True,True,False,True,60,9,5.615
True,False,False,False,True,False,True,False,False,20,1,2.787
True,True,False,True,True,True,True,True,True,40,1,2.495
True,True,False,True,True,True,True,False,True,60,5,4.064
True,True,False,True,False,False,True,True,False,20,1,2.362
True,True,False,True,False,False,True,False,False,40,5,3.995
True,False,False,False,True,False,True,False,False,20,5,4.439
True,True,False,True,False,True,False,False,True,60,9,4.721
True,True,False,True,False,False,True,True,False,20,5,2.903
True,True,False,True,True,True,True,False,True,60,1,2.514
True,True,False,True,False,False,True,False,False,40,9,5.277
True,True,False,False,True,False,False,False,False,20,9,4.7
True,True,False,False,True,False,False,False,True,40,1,2.2030000000000003
True,True,False,False,True,False,False,False,False,20,5,3.414
True,False,False,False,True,False,True,False,True,40,1,2.821
True,True,False,True,False,False,True,True,True,60,9,3.425
True,True,False,False,True,False,False,False,False,20,1,2.069
True,False,False,False,True,False,True,True,True,20,1,2.778
True,False,False,True,False,True,True,True,True,40,9,3.827
True,False,False,False,True,False,True,False,True,40,5,4.4430000000000005
True,False,False,True,True,True,False,True,True,20,9,3.528
True,False,False,False,True,False,True,False,True,40,9,5.855
True,False,False,False,True,False,True,True,True,20,5,3.36
True,False,False,True,False,False,False,False,False,40,1,2.388
True,False,False,False,True,False,True,True,True,20,9,3.83
True,False,False,False,True,True,False,True,False,60,5,3.023
True,False,False,True,True,True,False,False,True,40,5,3.895
True,False,False,True,True,True,False,True,True,20,1,2.462
True,False,False,True,False,False,False,False,False,40,5,3.78
True,True,False,True,False,True,True,False,False,20,1,2.366
True,False,False,True,False,False,False,True,False,20,1,2.199
True,True,False,False,True,False,False,True,True,20,9,3.05
True,False,False,True,True,True,False,True,True,20,5,2.85
True,False,False,False,True,True,False,True,False,60,1,2.635
True,False,False,True,True,True,False,False,True,40,9,5.206
True,False,False,True,False,False,False,True,False,20,5,2.761
True,False,False,True,False,False,False,False,False,40,9,4.937
True,True,False,False,True,False,False,True,True,20,5,2.4530000000000003
True,True,False,False,True,False,False,False,True,40,9,4.803
True,False,False,True,False,False,False,True,False,20,9,3.298
True,True,False,False,True,False,True,True,False,20,1,2.46
True,True,False,False,True,False,False,False,True,40,5,3.502
True,True,False,False,True,False,False,True,True,20,1,2.015
True,False,False,True,True,True,False,False,True,40,1,2.57
True,False,False,False,True,True,False,True,False,60,9,3.702
True,True,False,True,False,False,True,False,False,60,1,2.385
True,True,False,True,True,True,True,True,True,20,9,3.536
True,True,False,True,False,False,True,True,False,40,9,3.445
True,True,False,True,True,True,True,False,True,40,9,5.472
True,True,False,True,True,True,True,True,True,20,5,2.924
True,True,False,True,True,True,True,False,True,40,5,4.126
True,False,False,True,True,True,True,False,True,60,1,2.843
True,True,False,True,False,False,True,True,False,40,1,2.326
True,True,False,True,True,True,True,True,True,20,1,2.454
True,True,False,True,False,False,True,False,False,60,5,3.97
True,True,False,True,False,False,True,True,False,40,5,2.918
True,True,False,True,True,True,True,False,True,40,1,2.499
True,True,False,True,False,False,True,False,False,60,9,5.362
True,False,False,True,False,True,True,False,False,20,5,4.435
True,True,False,False,False,True,True,False,False,40,1,2.29
True,True,False,False,False,False,False,True,False,20,9,2.8710000000000004
True,False,False,False,True,False,True,True,False,20,5,3.303
True,True,False,False,True,False,False,True,True,60,9,3.227
True,True,False,False,False,True,True,False,False,40,5,3.968
True,False,False,True,False,True,True,False,False,20,9,5.801
True,True,False,True,True,False,True,False,True,20,9,5.462999999999999
True,False,False,False,True,False,True,True,False,20,9,3.921
True,True,False,False,False,True,True,False,False,40,9,5.3660000000000005
True,True,False,True,False,False,True,True,True,40,5,2.957
True,True,False,True,False,False,True,True,True,40,9,3.429
True,False,False,True,False,False,True,False,False,40,9,5.752999999999999
True,False,False,False,True,True,False,True,True,60,1,2.652
True,False,False,True,False,False,True,False,False,40,1,2.733
True,False,False,False,True,True,False,False,False,20,1,2.338
True,True,False,True,False,True,False,False,True,60,5,3.5380000000000003
True,True,False,True,True,False,True,False,True,20,5,4.119
True,False,False,True,False,False,True,False,False,40,5,4.402
True,True,False,True,True,False,True,False,True,20,1,2.523
True,False,False,False,True,True,False,True,True,40,5,2.987
True,False,False,False,True,True,False,True,True,40,1,2.5
True,True,False,True,False,True,True,True,True,20,1,2.3480000000000003
True,True,False,True,False,True,True,True,True,20,5,2.944
True,False,False,False,True,True,False,True,True,40,9,3.615
True,True,False,True,False,False,True,True,True,60,1,2.375
True,True,False,True,True,True,True,False,True,20,9,5.443
True,True,False,True,False,True,True,False,False,20,5,3.93
True,True,False,True,False,True,True,True,True,20,9,3.486
True,True,False,False,False,False,True,False,False,60,1,2.34
True,True,False,True,False,False,True,True,True,60,5,2.903
True,True,False,True,True,True,True,False,True,20,5,4.145
True,True,False,False,False,False,False,True,False,40,1,2.148
True,False,False,False,True,False,True,True,False,40,1,2.787
True,True,False,True,True,True,True,False,True,20,1,2.55
True,True,False,False,False,False,False,True,False,40,5,2.49
True,True,False,False,False,False,True,False,False,60,9,5.301
True,False,False,False,True,False,True,True,False,40,5,3.252
True,False,False,False,True,True,False,False,False,40,9,5.246
True,False,False,True,False,True,True,False,False,40,1,2.744
True,True,False,False,False,False,True,False,False,60,5,3.929
True,True,False,False,False,False,False,True,False,40,9,3.054
True,False,False,True,False,False,False,False,True,60,9,4.962
True,True,False,False,False,True,True,False,False,60,5,3.946
True,False,False,True,False,False,False,False,True,60,5,3.893
True,True,False,False,False,True,True,False,False,60,9,5.396
True,True,False,True,False,False,True,True,True,20,5,2.946
True,True,False,True,False,False,True,True,True,20,9,3.519
True,False,False,True,False,True,False,False,True,40,9,4.988
True,True,False,False,True,False,True,True,False,20,5,2.905
True,False,False,True,False,False,True,False,False,20,5,4.409
True,False,False,False,True,True,True,True,False,20,5,3.358
True,True,False,False,False,True,False,True,False,20,9,3.0610000000000004
True,False,False,False,True,True,True,True,False,20,9,3.82
True,False,False,True,False,False,True,False,False,20,9,5.745
True,False,False,True,False,False,False,False,True,60,1,2.557
True,True,False,False,False,True,False,True,False,20,1,2.022
True,False,False,True,False,False,True,False,False,20,1,2.675
True,False,False,False,True,True,True,True,False,20,1,2.781
True,True,False,False,False,True,False,True,False,20,5,2.395
True,True,False,False,True,False,False,True,True,60,5,2.72
True,True,False,False,False,True,True,False,False,60,1,2.32
True,False,False,False,True,True,False,True,True,60,9,3.649
True,False,False,False,True,True,False,True,True,60,5,3.011
True,True,False,True,False,True,True,True,True,40,1,2.389
True,True,False,True,False,True,True,True,True,40,5,2.892
True,True,False,True,False,True,True,True,True,40,9,3.517
True,False,False,True,False,True,False,False,True,60,9,5.113
True,True,False,False,False,False,True,False,False,40,1,2.3480000000000003
True,False,False,False,True,False,False,True,True,60,9,3.471
True,False,False,True,False,True,False,False,True,60,5,3.831
True,True,False,True,False,True,False,False,True,60,1,2.283
True,False,False,False,True,False,False,True,True,60,5,2.9810000000000003
True,True,False,True,False,False,True,True,True,40,1,2.397
True,False,False,True,False,True,False,False,True,60,1,2.5380000000000003
True,True,False,False,False,False,True,False,False,40,9,5.2879999999999985
True,True,False,False,False,False,False,True,False,20,1,2.001
True,False,False,False,True,False,False,True,True,60,1,2.564
True,False,False,True,False,True,True,False,False,20,1,2.7430000000000003
True,True,False,False,False,False,False,True,False,20,5,2.396
True,True,False,False,False,False,True,False,False,40,5,3.95
True,False,False,False,True,False,True,True,False,20,1,2.764
True,True,False,True,False,True,True,False,False,20,9,5.355
True,True,False,True,True,True,False,True,False,40,1,2.267
True,False,False,True,False,True,True,False,False,60,9,5.783
True,False,False,False,True,False,True,True,False,60,9,3.891
True,False,False,True,False,False,False,False,True,40,9,4.871
True,False,False,True,True,False,False,False,False,20,9,5.14
True,False,False,True,False,False,False,False,True,40,5,3.712
True,True,False,True,True,True,False,True,False,40,9,3.287
True,False,False,True,True,False,False,False,False,20,5,3.783
True,False,False,False,True,True,True,False,True,40,9,5.865
True,False,False,True,True,False,False,False,False,20,1,2.398
True,False,False,False,True,False,False,False,False,40,5,3.847
True,True,False,True,True,True,False,True,False,40,5,2.695
True,False,False,False,True,True,True,False,True,40,5,4.477
True,True,False,False,False,True,False,False,True,40,9,4.6610000000000005
True,False,False,False,True,True,True,False,True,40,1,2.77
True,True,False,True,True,False,True,False,True,60,1,2.533
True,True,False,False,False,True,False,False,True,40,5,3.3310000000000004
True,True,False,False,False,True,False,False,True,40,1,2.099
True,False,False,True,False,False,False,False,True,40,1,2.394
True,True,False,True,True,False,True,False,True,60,9,5.6
True,True,False,True,True,False,False,True,True,20,9,3.095
True,True,False,False,True,False,True,True,False,20,9,3.465
True,True,False,True,True,False,True,False,True,60,5,4.1110000000000015
True,True,False,True,True,True,True,False,False,60,9,5.471
True,True,False,True,True,False,False,True,True,40,5,2.68
True,True,False,True,True,True,True,False,False,60,5,4.186
True,True,False,True,True,False,False,True,True,40,1,2.25
True,True,False,True,False,True,True,True,True,60,1,2.36
True,True,False,False,True,True,False,False,False,40,1,2.195
True,True,False,True,True,True,True,False,False,60,1,2.477
True,True,False,True,False,True,True,True,True,60,5,2.938
True,True,False,True,False,True,True,True,True,60,9,3.482
True,True,False,False,False,False,True,True,True,60,9,3.374
True,True,False,False,True,True,False,False,False,40,9,4.825
True,True,False,False,True,True,False,False,False,40,5,3.555
True,True,False,True,False,False,True,True,True,20,1,2.415
True,False,False,True,False,True,False,True,False,20,9,3.4560000000000004
True,False,False,True,False,True,False,True,False,20,5,2.803
True,False,False,True,False,True,False,True,False,20,1,2.26
True,False,False,True,False,False,False,False,True,20,5,3.624
True,False,False,False,True,False,True,True,False,40,9,3.884
True,True,False,True,True,True,False,True,False,60,1,2.387
True,True,False,False,False,True,True,False,False,20,1,2.3480000000000003
True,True,False,False,True,False,False,True,True,40,9,3.0810000000000004
True,False,False,False,True,False,False,False,False,40,1,2.448
True,False,False,True,False,True,True,False,False,40,5,4.382
True,False,False,True,False,False,False,False,True,20,1,2.229
True,True,False,True,True,False,True,False,True,40,9,5.492000000000001
True,True,False,False,False,True,True,False,False,20,5,3.958
True,False,False,True,False,True,True,False,False,40,9,5.799
True,False,False,False,True,True,True,False,True,60,9,5.857
True,True,False,False,False,True,True,False,False,20,9,5.323
True,True,False,True,True,True,False,True,False,60,9,3.486
True,False,False,False,True,True,True,False,True,60,5,4.498
True,False,False,True,False,False,False,False,True,20,9,4.838
True,False,False,False,False,True,True,False,False,40,1,2.701
True,True,False,False,False,True,False,False,True,60,9,4.743
True,True,False,True,True,True,False,True,False,60,5,2.799
True,False,False,False,True,True,True,False,True,60,1,2.809
True,True,False,False,False,True,False,False,True,60,5,3.457
True,True,False,False,False,True,False,False,True,60,1,2.298
True,True,False,True,True,False,True,False,True,40,5,4.0360000000000005
True,True,False,True,True,False,True,False,True,40,1,2.527
True,True,False,True,True,False,False,True,True,20,5,2.483
True,False,False,False,True,True,False,True,True,20,5,2.763
True,False,False,True,False,True,False,True,False,40,1,2.461
True,False,False,True,True,False,True,False,True,60,9,5.894
True,True,False,True,True,False,False,True,True,20,1,2.143
True,False,False,False,True,True,False,True,True,20,1,2.36
True,True,False,False,True,True,False,False,False,20,1,2.088
True,False,False,False,True,True,False,True,True,20,9,3.3960000000000004
True,True,False,False,True,True,False,False,False,20,9,4.763
True,True,False,False,False,False,False,True,False,60,1,2.272
True,True,False,False,True,True,False,False,False,20,5,3.471
True,False,False,True,False,True,True,False,False,60,1,2.819
True,True,False,False,False,False,False,True,False,60,5,2.587
True,False,False,True,False,True,False,True,False,40,9,3.576
True,True,False,False,True,True,True,False,True,20,9,5.422999999999999
True,False,False,False,True,False,True,True,False,60,1,2.752
True,False,False,True,False,True,True,False,False,60,5,4.408
True,True,False,False,False,False,False,True,False,60,9,3.147
True,False,False,True,False,True,False,True,False,40,5,2.926
True,False,False,False,True,False,True,True,False,60,5,3.359
True,False,False,False,False,False,True,True,True,40,1,2.642
True,True,False,False,False,False,False,False,True,20,1,1.957
True,False,False,False,False,False,True,True,True,40,5,3.221
True,True,False,False,False,False,False,False,True,20,5,3.209
True,False,False,True,True,False,False,False,False,60,9,5.227
True,False,False,False,False,True,True,False,False,40,5,4.39
True,True,False,False,False,False,False,False,True,20,9,4.48
True,False,False,True,True,False,False,False,False,60,5,3.966
True,False,False,True,True,False,False,False,False,60,1,2.688
True,True,False,True,True,False,True,False,False,40,5,4.122
True,True,False,True,True,False,True,True,False,20,1,2.492
True,True,False,True,True,False,True,False,False,40,9,5.461
True,True,False,True,True,False,True,True,False,20,5,3.016
True,False,False,False,False,True,True,True,True,20,1,2.685
True,False,False,False,False,True,True,True,True,20,5,3.2460000000000004
True,True,False,True,True,False,True,True,False,20,9,3.574
True,False,False,False,False,True,False,True,False,20,9,3.389
True,False,False,False,False,True,True,True,True,20,9,3.827
True,True,False,False,False,False,True,False,True,20,5,3.954
True,True,False,False,False,False,True,False,True,20,9,5.266
True,True,False,True,True,False,True,False,False,60,1,2.503
True,True,False,False,False,False,True,False,True,20,1,2.351
True,True,False,True,True,False,True,False,False,60,5,4.0760000000000005
True,True,False,True,True,False,True,True,False,40,1,2.514
True,False,False,False,False,False,True,True,True,20,9,3.791
True,False,False,False,False,False,True,True,True,60,5,3.301
True,False,False,False,True,True,True,False,True,20,9,5.959
True,True,False,False,False,False,True,True,True,60,1,2.325
True,False,False,True,True,False,False,False,False,40,9,5.188
True,False,False,False,False,False,True,True,True,60,9,3.793
True,False,False,False,True,True,True,False,True,20,5,4.506
True,False,False,True,True,False,False,False,False,40,5,3.938
True,False,False,False,True,True,True,False,True,20,1,2.83
True,False,False,True,True,False,False,False,False,40,1,2.556
True,False,False,False,False,False,True,True,True,60,1,2.6660000000000004
True,False,False,False,False,True,True,True,True,40,1,2.757
True,True,False,True,True,False,True,False,False,20,5,4.0539999999999985
True,False,False,False,False,True,True,True,True,40,5,3.3110000000000004
True,False,False,False,False,True,True,False,False,40,9,5.8039999999999985
True,True,False,True,True,False,True,False,False,20,9,5.658
True,False,False,False,False,True,True,True,True,40,9,3.789
True,False,False,False,False,False,False,False,False,20,1,2.181
True,True,False,True,True,False,False,True,True,40,9,3.2230000000000003
True,True,False,True,True,False,False,True,True,60,9,3.301
True,False,False,False,False,False,False,False,False,20,5,3.585
True,True,False,True,True,False,False,True,True,60,5,2.782
True,False,False,False,False,False,False,False,False,20,9,4.854
True,True,False,True,True,False,False,True,True,60,1,2.41
True,True,False,True,True,False,False,True,False,20,9,3.032
True,True,False,False,True,True,True,False,True,20,5,4.154
True,True,False,True,True,False,False,True,False,20,5,2.505
True,True,False,True,True,False,True,False,False,40,1,2.463
True,True,False,True,True,False,False,True,False,20,1,2.122
True,False,False,False,False,False,True,True,True,40,9,3.798
True,True,False,False,False,False,False,True,True,40,1,2.106
True,True,False,False,False,False,False,False,True,60,5,3.4
True,True,False,False,False,False,False,False,True,60,9,4.5939999999999985
True,True,False,False,False,False,False,True,True,40,5,2.5
True,True,False,False,False,False,False,True,True,40,9,3.023
True,False,False,True,False,True,True,False,True,40,5,4.42
True,True,False,False,False,False,True,True,True,60,5,2.818
True,False,False,True,False,True,False,False,True,20,9,4.853
True,False,False,True,False,True,True,False,True,40,1,2.7710000000000004
True,False,False,False,False,True,True,True,True,60,1,2.672
True,True,False,False,False,True,False,True,False,40,9,3.182
True,True,False,True,True,False,True,True,False,60,5,2.905
True,False,False,True,False,True,True,False,True,40,9,5.789
True,False,False,False,False,True,True,True,True,60,5,3.295
True,True,False,True,True,False,True,True,False,60,9,3.53
True,False,False,False,False,True,True,True,True,60,9,3.807
True,True,False,False,False,True,False,True,False,40,1,2.15
True,False,False,True,True,True,True,False,True,40,5,4.6
True,True,False,False,True,True,True,False,True,20,1,2.44
True,True,False,False,False,True,False,False,False,60,5,3.437
True,True,False,False,False,True,False,False,False,60,9,4.685
True,True,False,False,False,True,False,True,False,40,5,2.607
True,False,False,True,True,False,True,True,True,60,9,3.932
True,True,False,False,False,False,True,False,True,60,9,5.455
True,False,False,True,True,False,True,True,True,60,5,3.367
True,True,False,False,False,True,False,True,False,60,1,2.3480000000000003
True,True,False,False,False,False,True,False,False,20,9,5.343
True,True,False,False,False,False,True,False,True,60,1,2.352
True,True,False,True,True,False,False,True,False,40,9,3.182
True,True,False,False,False,True,True,True,True,60,5,2.824
True,True,False,False,False,False,True,False,True,60,5,3.991
True,True,False,True,True,False,False,True,False,40,5,2.644
True,True,False,True,True,False,False,True,False,40,1,2.267
True,False,False,True,False,True,False,False,True,40,5,3.77
True,False,False,True,False,True,False,True,True,20,1,2.277
True,False,False,True,False,True,False,False,True,40,1,2.43
True,False,False,True,True,False,True,True,True,60,1,2.789
True,True,False,False,False,False,True,False,False,20,5,3.911
True,True,False,False,False,False,False,False,True,60,1,2.315
True,True,False,False,False,False,True,False,False,20,1,2.317
True,True,False,True,False,False,True,False,False,20,9,5.296
True,False,False,False,False,False,True,True,True,20,1,2.615
True,True,False,False,False,False,False,False,True,40,1,2.149
True,True,False,False,False,False,False,True,True,20,1,1.97
True,False,False,False,False,False,True,True,True,20,5,3.289
True,True,False,False,False,False,False,False,True,40,5,3.381
True,True,False,False,False,False,False,True,True,20,5,2.346
True,True,False,False,False,False,False,False,True,40,9,4.487
True,False,False,True,False,True,True,False,True,20,5,4.427
True,True,False,False,False,False,False,True,True,20,9,2.931
True,False,False,True,False,True,True,False,True,20,1,2.6830000000000003
True,False,False,False,False,True,False,True,False,20,1,2.214
True,True,False,True,True,False,True,False,False,60,9,5.504
True,True,False,True,True,False,True,True,False,40,5,3.01
True,True,False,True,True,False,True,True,False,40,9,3.49
True,False,False,True,False,True,True,False,True,20,9,5.727
True,True,False,False,False,True,False,True,False,60,5,2.714
True,True,False,False,False,True,False,True,False,60,9,3.272
True,True,False,False,False,False,True,False,True,40,9,5.2860000000000005
True,False,False,False,False,True,True,True,False,60,1,2.625
True,False,False,False,False,True,True,True,False,60,5,3.286
True,True,False,False,False,False,True,False,True,40,1,2.339
True,True,False,True,False,False,False,False,True,60,1,2.342
True,False,False,False,False,True,True,True,False,60,9,3.801
True,True,False,True,True,False,False,True,False,60,9,3.204
True,True,False,False,False,False,True,False,True,40,5,4.059
True,True,False,True,True,False,True,True,False,60,1,2.483
True,False,False,True,False,True,False,False,True,20,5,3.602
True,True,False,True,True,False,False,True,False,60,5,2.745
True,False,False,True,False,True,False,False,True,20,1,2.273
True,True,False,True,True,False,False,True,False,60,1,2.439
True,False,False,True,True,False,False,False,True,40,5,3.879
True,False,False,False,False,False,True,True,False,60,9,3.82
True,True,False,False,False,True,True,True,True,60,9,3.374
True,False,False,True,True,False,False,False,True,40,9,5.078
True,True,False,False,True,True,False,False,True,40,9,4.948
True,True,False,False,False,True,False,True,True,60,9,3.242
True,False,False,False,True,True,True,True,True,60,9,3.785
True,False,False,True,False,True,False,True,True,40,9,3.548
True,False,False,False,True,True,True,True,True,60,5,3.318
True,False,False,True,True,True,True,True,True,20,5,3.282
True,True,False,False,False,True,False,True,True,60,1,2.279
True,False,False,False,True,True,True,False,False,20,5,4.4289999999999985
True,False,False,True,False,False,True,True,False,20,5,3.2910000000000004
True,False,False,False,False,True,False,True,False,20,5,2.714
True,True,False,False,False,True,False,False,False,20,9,4.439
True,False,False,False,True,True,True,True,True,60,1,2.781
True,False,False,True,True,True,True,True,True,20,1,2.794
True,True,False,False,False,True,False,True,True,60,5,2.701
True,False,False,False,True,True,True,False,False,20,9,5.872999999999998
True,False,False,True,False,False,True,True,False,20,9,3.94
True,True,False,False,True,False,True,False,False,20,1,2.462
True,False,False,False,False,False,True,True,False,60,5,3.2510000000000003
True,True,False,False,True,False,True,False,False,20,5,4.082
True,True,False,False,False,True,False,False,False,20,1,2.003
True,False,False,True,True,False,False,True,True,40,9,3.503
True,False,False,False,False,False,True,True,False,60,1,2.732
True,False,False,False,True,True,True,False,False,20,1,2.745
True,False,False,True,False,False,True,True,False,20,1,2.709
True,True,False,False,False,True,False,False,False,20,5,3.258
True,True,False,False,True,False,True,False,False,20,9,5.513
True,True,False,False,True,False,True,True,True,40,1,2.425
True,True,False,True,False,True,True,False,True,40,1,2.359
True,True,False,True,False,False,False,True,True,20,9,2.989
True,True,False,False,True,False,True,True,True,40,5,2.9160000000000004
True,True,False,True,False,False,False,True,True,20,5,2.404
True,True,False,True,False,False,True,False,False,20,1,2.375
True,True,False,False,False,True,False,False,False,40,1,2.172
True,False,False,False,False,True,True,True,False,40,1,2.67
True,True,False,False,True,False,True,True,True,40,9,3.47
True,True,False,True,False,True,True,False,True,40,9,5.324
True,False,False,False,False,True,True,True,False,40,5,3.244
True,False,False,True,True,True,True,True,True,20,9,3.925
True,True,False,True,False,True,True,False,True,40,5,3.93
True,False,False,False,False,True,True,True,False,40,9,3.817
True,False,False,True,False,True,False,True,True,60,5,3.056
True,True,False,False,False,False,False,False,False,60,1,2.375
True,False,False,True,True,False,True,False,True,60,5,4.464
True,False,False,True,False,True,False,True,True,60,1,2.549
True,True,False,False,False,False,False,False,False,60,5,3.4360000000000004
True,True,False,True,False,False,False,True,True,20,1,2.029
True,True,False,False,False,False,False,False,False,60,9,4.597
True,True,False,False,True,True,False,False,True,40,5,3.557
True,False,False,True,True,False,False,False,True,40,1,2.564
True,True,False,False,True,True,False,False,True,40,1,2.255
True,False,False,True,True,False,False,False,True,60,9,5.2860000000000005
True,True,False,False,False,False,False,True,True,60,1,2.3280000000000003
True,True,False,False,True,True,False,False,True,20,9,4.813
True,False,False,True,False,True,True,True,True,60,9,3.901
True,True,False,True,False,False,False,False,True,60,9,4.685
True,True,False,False,False,False,False,True,True,60,5,2.6
True,False,False,True,False,True,False,True,True,20,9,3.364
True,True,False,False,False,False,False,True,True,60,9,3.115
True,True,False,True,False,False,False,False,False,20,1,2.031
True,False,False,True,False,True,False,True,True,20,5,2.778
True,False,False,False,True,True,True,False,False,40,9,5.891
True,False,False,False,False,True,True,True,False,20,9,3.796
True,False,False,True,True,True,True,True,True,40,5,3.307
True,True,False,False,True,False,True,False,False,40,1,2.438
True,False,False,True,True,True,True,True,True,40,1,2.854
True,False,False,False,True,False,False,False,False,40,9,5.125
True,False,False,False,True,True,True,False,False,40,1,2.778
True,True,False,False,True,False,True,False,False,40,5,4.015
True,True,False,False,False,True,False,False,False,40,5,3.363
True,False,False,False,True,True,True,False,False,40,5,4.471
True,True,False,False,False,True,False,False,False,40,9,4.5680000000000005
True,True,False,False,True,False,True,False,False,40,9,5.476
True,False,False,False,True,False,False,True,False,20,1,2.294
True,True,False,True,False,True,True,False,True,60,5,3.982
True,True,False,False,True,False,True,True,True,60,1,2.427
True,False,False,True,False,True,False,False,False,20,1,2.307
True,False,False,True,True,False,False,True,True,40,5,2.985
True,True,False,False,True,False,True,True,True,60,5,2.924
True,True,False,True,False,True,True,False,True,60,1,2.369
True,True,False,True,False,False,False,True,True,40,9,3.069
True,True,False,False,False,True,False,False,False,60,1,2.237
True,False,False,False,False,True,True,True,False,20,1,2.714
True,True,False,False,True,False,True,True,True,60,9,3.449
True,False,False,False,False,True,True,True,False,20,5,3.2910000000000004
True,True,False,True,False,True,True,False,True,60,9,5.329
True,False,False,True,True,True,True,True,True,40,9,3.857
True,False,False,True,False,True,False,True,True,40,5,2.841
True,True,False,True,False,False,True,False,False,20,5,3.972
True,True,False,True,False,False,False,False,False,20,5,3.229
True,False,False,True,False,True,False,True,True,40,1,2.456
True,True,False,False,False,False,False,False,False,40,1,2.091
True,True,False,True,False,False,False,False,False,20,9,4.402
True,False,False,False,True,False,False,True,False,20,9,3.373
True,True,False,False,False,False,False,False,False,40,5,3.2880000000000003
True,True,False,False,True,True,False,False,True,20,5,3.443
True,False,False,True,True,False,False,False,True,60,1,2.674
True,True,False,True,False,False,False,True,True,40,5,2.524
True,False,False,True,False,True,False,False,False,20,9,4.872
True,False,False,True,True,False,True,False,True,60,1,2.861
True,True,False,False,False,False,False,False,False,40,9,4.513
True,True,False,False,True,True,False,False,True,20,1,2.076
True,False,False,False,True,False,False,True,False,20,5,2.841
True,False,False,True,True,False,False,False,True,60,5,4.018
True,True,False,True,False,False,False,True,True,40,1,2.17
True,False,False,True,False,True,False,False,False,20,5,3.6
True,True,False,True,True,True,False,False,False,60,5,3.741
True,False,False,False,False,False,True,True,False,20,9,3.852
True,True,False,True,True,True,False,False,False,60,1,2.443
True,False,False,False,False,False,True,True,False,20,5,3.278
True,True,False,True,False,False,False,False,True,60,5,3.422
True,True,False,True,True,False,True,True,True,40,9,3.525
True,False,False,False,True,True,True,True,True,20,9,3.82
True,True,False,False,False,True,False,True,True,20,5,2.386
True,False,False,False,True,True,True,True,True,20,5,3.333
True,True,False,False,False,True,False,True,True,20,9,3.064
True,True,False,True,True,True,False,False,False,60,9,4.985
True,False,False,False,True,True,True,True,True,20,1,2.767
True,False,False,True,True,True,True,True,True,60,9,3.871
True,True,False,False,True,False,True,False,False,60,1,2.437
True,False,False,True,True,True,True,True,True,60,5,3.274
True,False,False,False,False,False,True,False,False,40,9,5.908
True,True,False,False,False,True,False,True,True,20,1,2.02
True,True,False,False,True,False,True,False,False,60,5,4.015
True,False,False,True,True,True,True,True,True,60,1,2.835
True,False,False,False,False,False,True,True,False,20,1,2.675
True,True,False,True,True,False,True,True,True,40,5,2.989
True,True,False,False,True,False,True,False,False,60,9,5.624
True,True,False,True,False,True,True,True,False,20,1,2.352
True,True,False,True,True,False,True,True,True,40,1,2.51
True,False,False,True,False,True,False,False,False,40,1,2.448
True,True,False,True,False,True,True,True,False,20,5,2.914
True,True,False,False,True,True,False,True,True,60,9,3.365
True,False,False,False,True,False,False,True,False,40,5,2.904
True,True,False,True,False,True,True,True,False,20,9,3.549
True,False,False,False,True,False,False,True,False,40,1,2.479
True,True,False,True,True,False,True,False,False,20,1,2.495
True,True,False,False,True,True,False,True,False,20,5,2.487
True,True,False,False,True,True,False,True,False,20,1,2.088
True,False,False,True,False,True,False,False,False,40,9,5.005
True,True,False,False,True,True,False,True,False,20,9,3.115
True,False,False,True,False,True,False,False,False,40,5,3.731
True,False,False,False,True,False,False,True,False,40,9,3.484
True,True,False,False,False,True,True,True,True,40,1,2.355
True,True,False,True,True,False,True,True,True,20,9,3.494
True,False,False,False,False,False,True,True,False,40,9,3.783
True,False,False,True,True,True,True,True,False,60,5,3.306
True,False,False,True,True,False,False,False,True,20,5,3.816
True,True,False,True,True,False,True,True,True,20,5,2.992
True,False,False,False,True,True,True,True,True,40,9,3.886
True,False,False,False,False,False,True,True,False,40,5,3.248
True,False,False,True,True,True,True,True,False,60,1,2.801
True,False,False,True,True,False,False,False,True,20,9,5.1080000000000005
True,False,False,False,True,True,True,True,True,40,5,3.3710000000000004
True,False,False,True,True,True,False,True,False,60,9,3.778
True,True,False,False,False,True,False,True,True,40,5,2.55
True,False,False,False,True,True,True,True,True,40,1,2.789
True,True,False,False,False,True,False,True,True,40,9,3.208
True,False,False,True,False,True,False,True,True,60,9,3.694
True,True,False,False,False,True,False,True,True,40,1,2.1590000000000003
True,True,False,True,True,False,True,True,True,20,1,2.511
True,True,False,True,False,True,True,True,False,40,1,2.362
True,False,False,False,False,False,True,True,False,40,1,2.715
True,True,False,True,False,True,True,True,False,40,5,2.967
True,False,False,True,True,True,True,True,False,60,9,3.888
